Station Code,Water Quality,Locations,State/ UT Name,TEMPERATURE (degree Centigrade)-Minimum,TEMPERATURE (degree Centigrade)-Maximum,TEMPERATURE (degree Centigrade)-Mean,Dissolved Oxygen(D.O.) (mg/l)-Minimum,Dissolved Oxygen(D.O.) (mg/l)-Maximum,Dissolved Oxygen(D.O.) (mg/l)-Mean,pH-Minimum,pH-Maximum,pH-Mean,CONDUCTIVITY (µmhos/cm)-Minimum,CONDUCTIVITY (µmhos/cm)-Maximum,CONDUCTIVITY (µmhos/cm)-Mean,Biochemical oxygen demand (B.O.D.) (mg/l)-Minimum,Biochemical oxygen demand (B.O.D.) (mg/l)-Maximum,Biochemical oxygen demand (B.O.D.) (mg/l)-Mean,NITRATE- N (mg/l)-Minimum,NITRATE- N (mg/l)-Maximum,NITRATE- N (mg/l)-Mean,NITRITE-N (mg/l)-Minimum,NITRITE-N (mg/l)-Maximum,NITRITE-N (mg/l)-Mean,FECAL COLIFORM (MPN/100ml)-Minimum,FECAL COLIFORM (MPN/100ml)-Maximum,FECAL COLIFORM (MPN/100ml)-Mean,TOTAL COLIFORM (MPN/100ml)-Minimum,TOTAL COLIFORM (MPN/100ml)-Maximum,TOTAL COLIFORM (MPN/100ml)-Mean
15,GROUND WATER QUALITY OF Andhra Pradesh,WELL AT KUYYURA- A.P.,Andhra Pradesh,22,28,25,NA,NA,NA,6.9,7.3,7.1,164,191,178,0.5,0.5,0.5,0.1,0.4,0.3,0.1,0.1,0.1,1,2,2,16,260,138
16,GROUND WATER QUALITY OF Andhra Pradesh,WELL AT TADAVAI A.P.,Andhra Pradesh,22,26,24,NA,NA,NA,6.7,7.2,7,755,1039,897,0.4,1.2,0.8,1.3,7,4.2,0.1,0.1,0.1,1,2,2,8,20,14
26,GROUND WATER QUALITY OF Andhra Pradesh,WELL AT VIJAYWADA- A.P.,Andhra Pradesh,30,30,30,NA,NA,NA,7.4,7.4,7.4,1101,1101,1101,0.8,0.8,0.8,1.8,1.8,1.8,0.1,0.1,0.1,2,2,2,1100,1100,1100
27,GROUND WATER QUALITY OF Andhra Pradesh,WELL AT PEDDAVOORA- A.P.,Andhra Pradesh,22,22,22,NA,NA,NA,7.9,8,8,543,769,656,NA,NA,NA,1.5,1.5,1.5,NA,NA,NA,2,2,2,50,50,50
1791,GROUND WATER QUALITY OF Andhra Pradesh,B/W.- EAST OF SAICHERUVU-PAIDIPALLY (V)-WARANGAL DIST.,Andhra Pradesh,20,25,23,NA,NA,NA,7,7.1,7.1,900,1463,1182,0.3,0.3,0.3,9,12,10.5,0.1,0.1,0.1,2,40,21,24,800,412
1792,GROUND WATER QUALITY OF Andhra Pradesh,B/W -NEAR CKM COLLEGE -ENUMAMULA (V) -WARANGAL DIST.,Andhra Pradesh,20,25,23,NA,NA,NA,6.9,7,7,1778,3750,2764,0.3,0.5,0.4,8.4,10,9.2,0.1,0.1,0.1,1,2,2,2,78,40
1793,GROUND WATER QUALITY OF Andhra Pradesh,O/W - BHOOMAIAH NEAR ASHPONDSOF NTPC - KUNDANPALLY (V) - RAMAGUNDAM - KARIMNAGAR- A.P,Andhra Pradesh,20,28,24,NA,NA,NA,7.1,7.4,7.3,1350,1918,1634,0.4,0.5,0.45,2.7,6.1,4.4,0.1,0.1,0.1,2,2,2,60,104,82
1794,GROUND WATER QUALITY OF Andhra Pradesh,B/W - MANAKONDUR (V) - KARIMNAGAR DIST.- A.P,Andhra Pradesh,20,28,24,NA,NA,NA,7.1,7.4,7.3,778,800,789,0.2,0.5,0.35,8,8,8,0.1,0.1,0.1,2,2,2,20,24,22
1525,GROUND WATER QUALITY OF Andhra Pradesh,B/W - IDA - NEAR CHAITANYA CHLORIDES -PASHAMAYLAM - MEDAK,Andhra Pradesh,22,22,22,NA,NA,NA,7.4,7.7,7.6,645,1791,1218,NA,NA,NA,0.4,2.1,1.3,0.1,0.1,0.1,NA,NA,NA,NA,NA,NA
1811,GROUND WATER QUALITY OF Andhra Pradesh,B/W.- PRIMARY SCHOOL -RUDRAVELLI (V) - BIBINAGAR (M)- NALGONDA DIST.- A.P,Andhra Pradesh,21,21,21,NA,NA,NA,7.6,7.6,7.6,1211,1853,1532,NA,NA,NA,0.6,0.7,0.7,NA,NA,NA,NA,NA,NA,NA,NA,NA
1810,GROUND WATER QUALITY OF Andhra Pradesh,B/W - SRI RAMNAGAR COLONY- SAKKAR NAGAR- BODHAN- NIZAMABAD DIST.- A.P,Andhra Pradesh,22,28,25,NA,NA,NA,7.2,8.1,7.6,1108,1352,1197,NA,NA,NA,2.3,4.4,3.3,0.5,0.5,0.5,2,2,2,70,70,70
1513,GROUND WATER QUALITY OF Andhra Pradesh,B W.- KRISHNA MURTHY- D.NO.48-16-43 AUTONAGAR VIJJAYAWADA- KRISNA DIST.- A.P.,Andhra Pradesh,30,30,30,NA,NA,NA,7.5,7.5,7.5,1128,1128,1128,1,1,1,1.8,1.8,1.8,0.1,0.1,0.1,2,2,2,1100,1100,1100
1514,GROUND WATER QUALITY OF Andhra Pradesh,B/W.- VIJAY KUMAR AUTONAGARVIJAYAWADA- KRISHNA DIST.,Andhra Pradesh,30,30,30,NA,NA,NA,7.3,7.4,7.4,1287,1653,1470,0.8,0.8,0.8,1.7,20.7,11.2,0.1,0.1,0.1,2,2,2,1100,1100,1100
1515,GROUND WATER QUALITY OF Andhra Pradesh,B/W.- NAGARAM(V)- PALVONCHA- KHAMMAM DIST.- A.P.,Andhra Pradesh,25,29,27,NA,NA,NA,7.3,7.8,7.6,1684,2360,1925,1.4,3.6,2.2,0.3,17.3,9,0.1,0.1,0.1,2,4,2,800,1100,1040
1516,GROUND WATER QUALITY OF Andhra Pradesh,B W OF NAVLOK GARDENS NELLORE,Andhra Pradesh,29,32,31,NA,NA,NA,6.7,7.6,7.2,1241,2840,2041,1.8,4.2,3,0.6,11.5,6.1,0.1,0.1,0.1,2,2,2,1100,1100,1100
1517,GROUND WATER QUALITY OF Andhra Pradesh,B/W.- TUNGBHADRA RIVER NEAR KURNOOL- A.P.,Andhra Pradesh,24,26,25,NA,NA,NA,7.3,7.6,7.4,1492,1895,1650,1.3,2,1.6,2.6,14.5,7.4,0.1,0.1,0.1,2,4,3,4,14,11
1518,GROUND WATER QUALITY OF Andhra Pradesh,B/W.- NANDYAL- KURNOOL DIST.- A.P.,Andhra Pradesh,24,26,25,NA,NA,NA,7.4,7.9,7.7,1440,3840,2079,1,1.8,1.4,2.9,13.5,5.8,0.1,0.1,0.1,2,6,4,6,21,13
1519,GROUND WATER QUALITY OF Andhra Pradesh,B/W.- NAGIRI- CHITTOOR DIST.- A.P,Andhra Pradesh,19,26,25,NA,NA,NA,7.3,7.9,7.6,1063,2440,1784,1,2.4,1.6,0.4,25.3,7.9,0.1,0.1,0.1,2,110,16,6,1700,220
1520,GROUND WATER QUALITY OF Andhra Pradesh,B/W.- SWARNAMUKHI RIVER-SRIKALAHASTI- CHITTOOR DIST.,Andhra Pradesh,20,25,23,NA,NA,NA,7.6,8.3,7.8,625,1555,1160,1,3.2,2.1,0.4,13.8,6.4,0.1,0.1,0.1,2,140,38,6,1100,284
1521,GROUND WATER QUALITY OF Andhra Pradesh,O/W.- NEAR RAMA TEMPLE - WARD No.2 - MINDI - VISAKHAPATNAM- A.P,Andhra Pradesh,28,29,28,NA,NA,NA,7,7.4,7.2,3900,4700,4300,1,1.1,1.1,37.2,55.5,46.4,0.1,0.1,0.1,3,3,3,460,1100,780
1522,GROUND WATER QUALITY OF Andhra Pradesh,O/W.PEDDANUYYI - VIZIANAGARAM,Andhra Pradesh,28,35,31,NA,NA,NA,7.6,7.9,7.8,217,699,458,1,1,1,2.4,4.4,3.4,0.1,0.1,0.1,0,4,2,240,1100,670
1523,GROUND WATER QUALITY OF Andhra Pradesh,B/W.- NEAR M/S ANDHRA SUGARS LTD.- KOVVUR - W.G.DIST.,Andhra Pradesh,27,29,28,NA,NA,NA,7.8,7.8,7.8,212,213,213,1,1,1,0.3,0.6,0.5,NA,NA,NA,0,0,0,3,3,3
1524,GROUND WATER QUALITY OF Andhra Pradesh,O/W.-NEAR PARTAP NAGAR BRIIDGE -KAKINADA - E.G.DIST.- A.P,Andhra Pradesh,26,29,27,NA,NA,NA,7,7.9,7.5,2160,2640,2400,0.8,1,0.9,6.2,17.2,11.7,0.1,0.1,0.1,0,0,0,3,3,3
1533,GROUND WATER QUALITY OF Assam,DIGBOI- TINSUKIA DISTT.- Assam,Assam,25,29,27,NA,NA,NA,7,7.1,7.1,130,148,139,0.3,1,0.7,0.1,0.1,0.1,NA,NA,NA,0,0,0,1,1,1
1534,GROUND WATER QUALITY OF Assam,KARBI ANGLONG DISTT.- Assam,Assam,24,26,25,NA,NA,NA,6.7,6.9,6.8,315,334,325,1.8,3.5,2.7,0.1,0.1,0.1,NA,NA,NA,0,0,0,360,360,360
1535,GROUND WATER QUALITY OF Assam,SIBSAGAR - Assam,Assam,22,24,23,NA,NA,NA,5.9,6.6,6.3,220,239,230,1.8,4.8,3.3,0.1,0.1,0.1,NA,NA,NA,0,0,0,1,360,181
1536,GROUND WATER QUALITY OF Assam,SIBSAGAR- Assam,Assam,24,24,24,NA,NA,NA,6.2,6.2,6.2,280,280,280,5.6,5.6,5.6,0.1,0.1,0.1,NA,NA,NA,0,0,0,1,1,1
1537,GROUND WATER QUALITY OF Assam,(JORHAT- Assam,Assam,20,22,21,NA,NA,NA,6.4,6.9,6.7,145,154,150,2,2,2,0.2,0.3,0.25,NA,NA,NA,0,0,0,1,300,151
1538,GROUND WATER QUALITY OF Assam,SILCHAR- Assam,Assam,12,13,12,NA,NA,NA,5.2,5.8,5.5,102,114,108,0.8,4.9,2.9,0.1,5.2,2.65,NA,NA,NA,0,0,0,360,910,635
1539,GROUND WATER QUALITY OF Assam,BARPETA- Assam,Assam,27,28,27,NA,NA,NA,7.1,7.9,7.5,510,578,544,0.4,2.6,1.5,0.1,0.8,0.45,NA,NA,NA,0,360,180,1,2800,1401
1540,GROUND WATER QUALITY OF Assam,BONAIGAON- Assam,Assam,25,28,27,NA,NA,NA,6.1,7.1,6.6,295,304,300,1.2,1.7,1.5,5.1,11.8,8.45,NA,NA,NA,0,0,0,1,360,181
1541,GROUND WATER QUALITY OF Assam,GUWAHATI- Assam,Assam,20,27,24,NA,NA,NA,7.2,7.8,7.5,141,758,450,2.1,3.7,2.9,0.2,0.3,0.25,NA,NA,NA,0,0,0,1,1,1
1542,GROUND WATER QUALITY OF Assam,GUWAHATI- Assam,Assam,22,27,25,NA,NA,NA,6.8,6.8,6.8,850,1001,926,0.9,3,2,0.2,2.9,1.55,NA,NA,NA,0,0,0,360,360,360
2243,GROUND WATER QUALITY OF Assam,GROUND WATER FROM LEDO-MARGHERITA,Assam,18,26,22,NA,NA,NA,6,6.1,6.1,350,351,351,0.8,1,0.9,0.3,1.4,0.85,NA,NA,NA,0,0,0,1,1,1
2244,GROUND WATER QUALITY OF Assam,GROUND WATER FROM NAZIRA,Assam,21,24,23,NA,NA,NA,6.5,7.2,6.9,290,310,300,1.6,3,2.3,0.1,0.1,0.1,NA,NA,NA,0,0,0,1,300,151
2245,GROUND WATER QUALITY OF Assam,GROUND WATER FROM NUMALIGARH(NEAR NRL TE LABOR COLONY),Assam,20,20,20,NA,NA,NA,6.6,6.6,6.6,126,126,126,0.6,0.6,0.6,0.4,0.4,0.4,NA,NA,NA,0,0,0,1,1,1
2246,GROUND WATER QUALITY OF Assam,GROUND WATER FROMSEMENCHAPARI,Assam,17,23,20,NA,NA,NA,6.9,7.4,7.2,424,467,446,1.1,2.1,1.6,0.2,0.2,0.2,NA,NA,NA,0,0,0,1,1,1
2247,GROUND WATER QUALITY OF Assam,GROUND WATER FROM SILAPATHAR,Assam,17,23,20,NA,NA,NA,6.5,6.7,6.6,111,121,116,0.4,4.6,2.5,0.1,0.1,0.1,NA,NA,NA,0,0,0,1,1,1
2248,GROUND WATER QUALITY OF Assam,GROUND WATER FROM LAKHIMPURTOWN,Assam,17,23,20,NA,NA,NA,6.9,7.2,7.1,330,369,350,1.5,1.5,1.5,0.1,11.8,5.95,NA,NA,NA,0,0,0,1,1,1
2249,GROUND WATER QUALITY OF Assam,GROUND WATER FROM TEZPUR(MISSION CHARIALI),Assam,23,24,24,NA,NA,NA,6.8,7.5,7.2,120,136,128,0.7,1.3,1,0.1,0.6,0.35,NA,NA,NA,0,0,0,1,1,1
2250,GROUND WATER QUALITY OF Assam,GROUND WATER FROM NAGAON(PANIGAON),Assam,27,28,27,NA,NA,NA,6.5,7.2,6.9,410,503,457,1.8,2.3,2.1,0.1,0.1,0.1,NA,NA,NA,0,0,0,1,360,181
2251,GROUND WATER QUALITY OF Assam,GROUND WATER FROM JAGIROAD NRHPC EFFLUENT DISCHARGE POINT,Assam,25,28,27,NA,NA,NA,6.7,7.1,6.9,2350,2810,2580,0.8,3,1.9,0.1,1.4,0.75,NA,NA,NA,0,360,180,1,910,456
2252,GROUND WATER QUALITY OF Assam,GROUND WATER NR MSW DUMPING SITE AT GARCHUK-GUWAHATI,Assam,25,28,26,NA,NA,NA,6.5,7.1,6.8,280,2810,1545,0.7,3,1.9,0.1,1.5,0.8,NA,NA,NA,360,360,360,910,910,910
2253,GROUND WATER QUALITY OF Assam,GROUND WATER FROM NALBARI,Assam,20,26,23,NA,NA,NA,7.5,7.7,7.6,240,264,252,2.2,2.9,2.6,0.1,0.1,0.1,NA,NA,NA,0,0,0,1,1,1
2254,GROUND WATER QUALITY OF Assam,GROUND WATER FROM BARPETA ROAD(RLY STATION),Assam,25,27,26,NA,NA,NA,7.1,8.2,7.7,435,455,445,0.6,0.6,0.6,0.1,0.3,0.2,NA,NA,NA,0,730,365,1,1500,751
2255,GROUND WATER QUALITY OF Assam,GROUND WATER NEAR BPRL-DHALIGAON,Assam,25,29,27,NA,NA,NA,5.8,7.5,6.7,125,133,129,0.6,2.8,1.7,0.4,1.3,0.85,NA,NA,NA,0,0,0,1,300,151
2256,GROUND WATER QUALITY OF Assam,GROUND WATER FROM KOKRAJHAR DISTRICT (HS SCHOOL ),Assam,27,29,28,NA,NA,NA,6.1,7.9,7,450,482,466,0.9,1.5,1.2,0.1,0.1,0.1,NA,NA,NA,0,0,0,1,1,1
2257,GROUND WATER QUALITY OF Assam,GROUND WATER FROM DHUBRIDISTRICT (COLLEGE NAGAR ),Assam,28,30,29,NA,NA,NA,6.3,6.7,6.5,410,427,419,0.4,0.8,0.6,0.1,0.1,0.1,NA,NA,NA,0,0,0,1,1,1
2258,GROUND WATER QUALITY OF Assam,GROUND WATER FROM GOALPARA DIST.(GOALPARA COLLEGE ),Assam,23,25,24,NA,NA,NA,6.3,7.9,7.1,435,452,444,0.7,0.8,0.8,0.3,0.7,0.5,NA,NA,NA,0,0,0,1,360,181
2259,GROUND WATER QUALITY OF Assam,GROUND WATER FROM DIPHU (GOVT.COLLEGE),Assam,22,27,25,NA,NA,NA,6.6,7.4,7,1150,1291,1221,1,1.5,1.3,0.1,0.1,0.1,NA,NA,NA,0,0,0,360,910,635
2260,GROUND WATER QUALITY OF Assam,GROUND WATER FROM HAMREN,Assam,20,20,20,NA,NA,NA,6.5,6.5,6.5,121,121,121,1,1,1,0.1,0.1,0.1,NA,NA,NA,0,0,0,1,1,1
2261,GROUND WATER QUALITY OF Assam,GROUND WATER FROM HAFLONG,Assam,10,28,19,NA,NA,NA,7.1,7.3,7.2,170,179,175,1.6,2,1.8,0.1,0.1,0.1,NA,NA,NA,0,0,0,1,1,1
2262,GROUND WATER QUALITY OF Assam,GROUND WATER FROM KARIMGANJ(COLLEGE),Assam,11,11,11,NA,NA,NA,6.8,7.1,7,430,470,450,0.3,0.4,0.4,0.1,0.1,0.1,NA,NA,NA,0,0,0,1,1500,751
2263,GROUND WATER QUALITY OF Assam,GROUND WATER FROM HIALAKANDI (NEAR ASTC BUS STAND ),Assam,12,25,18,NA,NA,NA,6.2,8,7.1,320,335,328,1.4,1.7,1.6,0.1,0.1,0.1,NA,NA,NA,0,0,0,1,910,456
2264,GROUND WATER QUALITY OF Assam,GROUND WATER IN PANCHGRAMMARKET NEAR CACHAR PAPER MILL,Assam,12,27,19,NA,NA,NA,6.7,8.2,7.5,850,3940,2395,1.2,6.6,3.9,0.1,0.1,0.1,NA,NA,NA,0,0,0,360,730,545
2054,GROUND WATER QUALITY OF Mizoram,RAMHLUM (NORTHERN PART),Mizoram,18,23,20,NA,NA,NA,5.7,8,6.7,386,464,424,1.2,2.7,1.6,NA,NA,NA,0.1,0.2,0.2,NA,NA,NA,7,15,10
2055,GROUND WATER QUALITY OF Mizoram,MISSION VENGTHLANG (SOUTHERN PART),Mizoram,17,22,20,NA,NA,NA,6.1,6.9,6.5,428,720,594,1.4,2.1,1.7,NA,NA,NA,0.1,0.2,0.2,NA,NA,NA,7,19,13
1920,GROUND WATER QUALITY OF Manipur,KAKCHING (THOUBAL DIST.),Manipur,28,28,28,NA,NA,NA,7,7,7,115,115,115,NA,NA,NA,NA,NA,NA,NA,NA,NA,NA,NA,NA,NA,NA,NA
1921,GROUND WATER QUALITY OF Manipur,HEIROK (THOBAL DIST.),Manipur,21,21,21,NA,NA,NA,6.7,6.7,6.7,20,20,20,NA,NA,NA,NA,NA,NA,NA,NA,NA,NA,NA,NA,NA,NA,NA
1922,GROUND WATER QUALITY OF Manipur,LAMKA (CHURACHANDPUR DIST.),Manipur,28,28,28,NA,NA,NA,6.5,6.5,6.5,557,557,557,NA,NA,NA,NA,NA,NA,NA,NA,NA,NA,NA,NA,NA,NA,NA
1924,GROUND WATER QUALITY OF Manipur,PALLEL (CHANDEL DIST.),Manipur,29,29,29,NA,NA,NA,7.1,7.1,7.1,367,367,367,NA,NA,NA,NA,NA,NA,NA,NA,NA,NA,NA,NA,30,30,30
1405,GROUND WATER QUALITY OF Tripura,WELL AT UDAIPUR (TUBEWELL)-,Tripura,25,29,27,NA,NA,NA,6.7,7.6,7.3,460,562,523,NA,NA,NA,0.03,1.05,0.3,NA,NA,NA,0,0,0,0,0,0
1406,GROUND WATER QUALITY OF Tripura,WELL AROUND UDAIPUR (TUBEWELL)-Tripura,Tripura,25,28,27,NA,NA,NA,6.5,7.9,7.5,265,380,302,NA,NA,NA,0,0.12,0.05,NA,NA,NA,0,0,0,0,0,0
1730,GROUND WATER QUALITY OF Tripura,KUNJBAN- AGARTALA- Tripura,Tripura,26,28,27,NA,NA,NA,5.9,6.2,6.1,160,165,162,NA,NA,NA,0,0.04,0.02,NA,NA,NA,0,0,0,0,0,0
1731,GROUND WATER QUALITY OF Tripura,LANKAMURA- Tripura,Tripura,27,28,27,NA,NA,NA,6.9,7.3,7,55,62,58,NA,NA,NA,NA,NA,NA,NA,NA,NA,0,0,0,0,0,0
1732,GROUND WATER QUALITY OF Tripura,A.D.NAGAR- AGARTALA- Tripura,Tripura,26,27,27,NA,NA,NA,6.4,6.7,6.5,85,95,90,NA,NA,NA,0,0.02,0.01,NA,NA,NA,0,0,0,0,0,0
1733,GROUND WATER QUALITY OF Tripura,SHIBNAGAR- AGARTALA- Tripura,Tripura,27,28,27,NA,NA,NA,6.5,6.6,6.5,140,151,147,NA,NA,NA,NA,NA,NA,NA,NA,NA,0,0,0,0,0,0
1734,GROUND WATER QUALITY OF Tripura,GANDHIGRAM- AGARTALA- Tripura,Tripura,26,28,27,NA,NA,NA,6.9,7.1,7,145,152,148,NA,NA,NA,NA,NA,NA,NA,NA,NA,0,0,0,0,0,0
1620,GROUND WATER QUALITY OF CHATTISSGARH,AT RAIPUR REGION- CHHATISSGARH,Chhattisgarh,23,28,26,NA,NA,NA,7.2,7.9,7.5,390,1243,891,0.4,0.8,0.7,2.6,33,17.8,0.1,2,1.45,NA,NA,NA,5,5,5
1621,GROUND WATER QUALITY OF CHATTISSGARH,AT RAIPUR REGION-CHHATISSGARH,Chhattisgarh,20,32,27,NA,NA,NA,7.4,8.1,7.9,298,3560,2336,0.9,3.6,2.3,0.3,20,10.2,0.6,3,1.85,NA,NA,NA,4,50,22
1622,GROUND WATER QUALITY OF CHATTISSGARH,AT BILASPUR REGION,Chhattisgarh,27,30,29,NA,NA,NA,7.9,8.3,8.1,1835,1976,1906,0.1,0.1,0.1,50,50,50,2.5,3.5,3,NA,NA,NA,NA,NA,NA
1623,GROUND WATER QUALITY OF CHATTISSGARH,AT BILASPUR REGION,Chhattisgarh,28,30,29,NA,NA,NA,7.7,8.4,8.1,1872,2215,2044,0.1,0.1,0.1,50,50,50,2.1,3,2.55,NA,NA,NA,NA,NA,NA
1616,GROUND WATER QUALITY OF Madhya Pradesh,OPEN WELL/TUBE WELL INDUSTRIAL AREA- GOVINDPURA- BHOPAL,Madhya Pradesh,28,28,28,NA,NA,NA,7.5,7.5,7.5,450,450,450,2.1,2.1,2.1,NA,NA,NA,NA,NA,NA,NA,NA,NA,16,16,16
1617,GROUND WATER QUALITY OF Madhya Pradesh,OPEN WELL/TUBE WELL INDL AREAMANDIDEEP- RAISEN,Madhya Pradesh,27,27,27,NA,NA,NA,7.2,7.2,7.2,380,380,380,1.5,1.5,1.5,NA,NA,NA,NA,NA,NA,NA,NA,NA,17,17,17
1618,GROUND WATER QUALITY OF Madhya Pradesh,GW SAMPLING AT TWO POINTS IN INDUSTRIAL AREA MALANPUR- M.P,Madhya Pradesh,18,18,18,NA,NA,NA,6.9,7.4,7.2,620,1310,965,2.2,2.2,2.2,0.3,1.4,0.85,NA,NA,NA,NA,NA,NA,NA,NA,NA
1619,GROUND WATER QUALITY OF Madhya Pradesh,GROUND WATER SAMPLING AT TWOPOINTS IN INDL AREA MALANPUR,Madhya Pradesh,22,38,30,NA,NA,NA,7.4,7.6,7.5,1328,1650,1489,1,1,1,0.8,0.9,0.85,NA,NA,NA,NA,NA,NA,NA,NA,NA
1897,GROUND WATER QUALITY OF Madhya Pradesh,TUBE WELL AT JAINABAD- NEAR TAPTI RIVER BRIDGE- PUMPING STN-BURHANPUR,Madhya Pradesh,27,30,28,NA,NA,NA,7,8,7.5,898,1071,972,0.6,1,0.8,0.1,30,15.7,0.1,0.1,0.1,NA,NA,NA,2,10,7
2143,GROUND WATER QUALITY OF Madhya Pradesh,KATHODA- JABALPUR,Madhya Pradesh,24,24,24,NA,NA,NA,7.8,7.8,7.8,924,924,924,1.1,1.1,1.1,5.3,5.3,5.3,NA,NA,NA,NA,NA,NA,11,11,11
2144,GROUND WATER QUALITY OF Madhya Pradesh,MADAI GRAM- JABALPUR,Madhya Pradesh,24,24,24,NA,NA,NA,7.7,7.7,7.7,1024,1024,1024,1,1,1,8.2,8.2,8.2,NA,NA,NA,NA,NA,NA,11,11,11
2150,GROUND WATER QUALITY OF Madhya Pradesh,TRENCHING GROUND- NEAR GARDEN- DEV GURADIYA ROAD- INDORE,Madhya Pradesh,26,30,28,NA,NA,NA,7,8,7.6,986,2084,1370,0.4,1.6,0.9,0.1,27.1,6.5,0.1,2.2,0.97,NA,NA,NA,4,8,5
2151,GROUND WATER QUALITY OF Madhya Pradesh,TRENCHING GROUND IN THE PREMISES OF M/S RISHABH MASALA UDYOG- INDORE,Madhya Pradesh,26,30,28,NA,NA,NA,7,8,7.6,82,3746,2295,1,2.8,1.4,0.1,4.9,2.9,0.1,2.4,0.87,NA,NA,NA,3,60,12
2152,GROUND WATER QUALITY OF Madhya Pradesh,TRENCHING GROUND IN THE PREMISES OF M/S LAKHANI FOOT WEAR- INDORE,Madhya Pradesh,26,30,28,NA,NA,NA,6.9,7.8,7.2,730,4772,2491,0.8,1.2,1,0.1,40,6.6,40,40,40,NA,NA,NA,2,9,5
1555,GROUND WATER QUALITY OF Himachal Pradesh,AT KALA AMB- H.P,Himachal Pradesh,26,27,27,NA,NA,NA,7.4,8.3,7.9,682,1750,1216,NA,NA,NA,NA,NA,NA,NA,NA,NA,9,9,9,11,11,11
1556,GROUND WATER QUALITY OF Himachal Pradesh,AT PAONTA SAHIB- H.P,Himachal Pradesh,23,25,24,NA,NA,NA,7.1,7.5,7.3,180,632,406,NA,NA,NA,NA,NA,NA,NA,NA,NA,7,7,7,10,10,10
1557,GROUND WATER QUALITY OF Himachal Pradesh,AT PARWANOO- H.P,Himachal Pradesh,22,24,23,NA,NA,NA,7.4,8.4,7.9,480,789,635,NA,NA,NA,NA,NA,NA,NA,NA,NA,NA,NA,NA,NA,NA,NA
1558,GROUND WATER QUALITY OF Himachal Pradesh,AT BADDI- H.P,Himachal Pradesh,26,27,26,NA,NA,NA,7.6,8.2,7.9,407,1620,1014,NA,NA,NA,NA,NA,NA,NA,NA,NA,NA,NA,NA,NA,NA,NA
1559,GROUND WATER QUALITY OF Himachal Pradesh,AT BAROTIWALA- H.P,Himachal Pradesh,26,27,26,NA,NA,NA,7.3,8.8,8.1,414,532,473,NA,NA,NA,NA,NA,NA,NA,NA,NA,NA,NA,NA,NA,NA,NA
1560,GROUND WATER QUALITY OF Himachal Pradesh,AT NALAGARH- H.P,Himachal Pradesh,26,27,26,NA,NA,NA,7.8,9.1,8.5,1196,1620,1408,NA,NA,NA,NA,NA,NA,NA,NA,NA,NA,NA,NA,NA,NA,NA
1561,GROUND WATER QUALITY OF Himachal Pradesh,AT DAMTAL- H.P,Himachal Pradesh,24,24,24,NA,NA,NA,6.7,6.7,6.7,950,950,950,0.2,0.2,0.2,NA,NA,NA,NA,NA,NA,9,9,9,110,110,110
1562,GROUND WATER QUALITY OF Himachal Pradesh,AT UNA- H.P,Himachal Pradesh,27,30,29,NA,NA,NA,7,7.3,7.2,937,1290,1114,NA,NA,NA,NA,NA,NA,NA,NA,NA,NA,NA,NA,NA,NA,NA
1872,GROUND WATER QUALITY OF Himachal Pradesh,SHIMLA DOWNSTREAM OF MSW DUMPING SITE,Himachal Pradesh,12,15,13,NA,NA,NA,7,8.5,7.8,404,609,507,8,11.2,9.6,NA,NA,NA,NA,NA,NA,90,90,90,350,350,350
1873,GROUND WATER QUALITY OF Himachal Pradesh,DHARAMSHALA KANGRA DOWNSTREAM OF MSWDUMPING SITE,Himachal Pradesh,16,20,18,NA,NA,NA,5.8,6,5.9,240,262,251,0.1,0.1,0.1,NA,NA,NA,NA,NA,NA,4,6,5,94,420,257
1875,GROUND WATER QUALITY OF Himachal Pradesh,MANDI-DOWNSTREAM OF MSW DUMPING SITE,Himachal Pradesh,13,19,16,NA,NA,NA,7.8,7.8,7.8,266,319,293,NA,NA,NA,NA,NA,NA,NA,NA,NA,NA,NA,NA,NA,NA,NA
1876,GROUND WATER QUALITY OF Himachal Pradesh,PARWANOO INDUSTRIAL AREA,Himachal Pradesh,20,21,21,NA,NA,NA,7.4,8.1,7.8,472,635,554,NA,NA,NA,NA,NA,NA,NA,NA,NA,NA,NA,NA,NA,NA,NA
1877,GROUND WATER QUALITY OF Himachal Pradesh,BADDI INDUSTRIAL AREA,Himachal Pradesh,25,25,25,NA,NA,NA,7.3,7.3,7.3,507,507,507,NA,NA,NA,NA,NA,NA,NA,NA,NA,NA,NA,NA,NA,NA,NA
1878,GROUND WATER QUALITY OF Himachal Pradesh,BAROTIWALA INDUSTRIAL AREA,Himachal Pradesh,26,27,26,NA,NA,NA,7.2,7.6,7.4,318,625,472,NA,NA,NA,NA,NA,NA,NA,NA,NA,NA,NA,NA,NA,NA,NA
1879,GROUND WATER QUALITY OF Himachal Pradesh,NALAGARH INDUSTRIAL AREA,Himachal Pradesh,26,28,27,NA,NA,NA,7.1,7.5,7.3,1277,1670,1474,NA,NA,NA,NA,NA,NA,NA,NA,NA,NA,NA,NA,NA,NA,NA
1880,GROUND WATER QUALITY OF Himachal Pradesh,KALA AMB INDUSTRIAL AREA,Himachal Pradesh,25,27,26,NA,NA,NA,7.3,7.5,7.4,520,674,597,NA,NA,NA,NA,NA,NA,NA,NA,NA,8,8,8,10,10,10
1881,GROUND WATER QUALITY OF Himachal Pradesh,PAONTA SAHIB INDUSTRIAL AREA,Himachal Pradesh,23,25,24,NA,NA,NA,7.1,7.2,7.2,548,735,642,NA,NA,NA,NA,NA,NA,NA,NA,NA,7,7,7,12,12,12
1882,GROUND WATER QUALITY OF Himachal Pradesh,MEHATPUR INDUSTRIAL AREA,Himachal Pradesh,26,26,26,NA,NA,NA,7.8,7.9,7.9,611,828,720,NA,NA,NA,NA,NA,NA,NA,NA,NA,NA,NA,NA,NA,NA,NA
1883,GROUND WATER QUALITY OF Himachal Pradesh,UNA INDUSTRIAL AREA,Himachal Pradesh,26,26,26,NA,NA,NA,7.6,8.2,7.9,504,776,640,NA,NA,NA,NA,NA,NA,NA,NA,NA,NA,NA,NA,NA,NA,NA
2039,GROUND WATER QUALITY OF Chandigarh,SECTOR 15,Chandigarh,24,25,25,NA,NA,NA,6.9,7.6,7.3,844,1011,928,0.1,0.1,0.1,7.8,8.2,8,NA,NA,NA,NA,NA,NA,NA,NA,NA
2040,GROUND WATER QUALITY OF Chandigarh,SECTOR  22,Chandigarh,24,25,25,NA,NA,NA,6.9,7.4,7.2,871,973,922,0.6,0.7,0.7,7,9.1,8.05,NA,NA,NA,NA,NA,NA,NA,NA,NA
2042,GROUND WATER QUALITY OF Chandigarh,SECTOR 47,Chandigarh,24,24,24,NA,NA,NA,7.3,7.9,7.6,630,752,691,0.1,0.4,0.3,6.3,7.8,7.05,NA,NA,NA,NA,NA,NA,NA,NA,NA
2043,GROUND WATER QUALITY OF Chandigarh,PALSORA VILLAGE,Chandigarh,24,25,25,NA,NA,NA,6.9,7.5,7.2,833,940,887,0.2,0.3,0.3,6.4,7.3,6.85,NA,NA,NA,NA,NA,NA,NA,NA,NA
2044,GROUND WATER QUALITY OF Chandigarh,DHANAS VILLAGE,Chandigarh,24,25,24,NA,NA,NA,6.9,7.2,7.1,966,1104,1058,0.4,0.4,0.4,8.9,9.3,9.17,NA,NA,NA,NA,NA,NA,NA,NA,NA
2045,GROUND WATER QUALITY OF Chandigarh,DADU MAJRA,Chandigarh,24,25,25,NA,NA,NA,7,7.4,7.2,1037,1056,1047,0.1,0.2,0.2,5.3,9.5,7.4,NA,NA,NA,NA,NA,NA,NA,NA,NA
1898,GROUND WATER QUALITY OF Punjab,PETROL PUMP OPP. HERO CYCLE-LUDHIANA,Punjab,28,28,28,NA,NA,NA,7.1,7.2,7.2,1140,1460,1300,NA,NA,NA,1.6,1.8,1.7,0.8,0.8,0.8,NA,NA,NA,NA,NA,NA
19,GROUND WATER QUALITY OF Kerala,WELL AT ELOOR- Kerala,Kerala,27,29,28,NA,NA,NA,5.3,7.1,6,130,294,206,0.3,2,0.8,1.5,12.6,5.5,0.1,2.8,0.87,0,560,131,10,1320,432
22,GROUND WATER QUALITY OF Kerala,WELL AT CHUNGAPALLY- Kerala,Kerala,27,28,28,NA,NA,NA,5.7,5.7,5.7,110,126,118,0.4,0.8,0.6,0.6,4,2.3,1.8,1.8,1.8,NA,NA,NA,20,60,40
35,GROUND WATER QUALITY OF Kerala,WELL AT PUNALUR- Kerala,Kerala,28,29,28,NA,NA,NA,6.7,7.5,7.1,305,329,317,0.7,0.9,0.8,8.5,16,12.3,10.6,10.6,10.6,0,480,240,620,740,680
1581,GROUND WATER QUALITY OF Kerala,PAPPANAMKODE-THIRUVANANTHAPURAM,Kerala,26,26,26,NA,NA,NA,5.6,5.8,5.7,190,340,265,0.3,0.6,0.45,1.6,8,4.8,0.2,0.2,0.2,NA,NA,NA,0,180,90
1582,GROUND WATER QUALITY OF Kerala,NEDUMANGAD-THIRUVANANTHAPURAM,Kerala,26,26,26,NA,NA,NA,6.1,6.4,6.3,420,560,490,0.4,0.5,0.45,1.7,8,4.9,0.4,0.4,0.4,NA,NA,NA,0,50,25
1583,GROUND WATER QUALITY OF Kerala,NEDUMANGAD-THIRUVANANTHAPURAM,Kerala,27,29,28,NA,NA,NA,4.4,4.9,4.7,171,210,191,0.6,0.8,0.7,8.5,16,12.3,6.3,6.3,6.3,0,100,50,60,160,110
1584,GROUND WATER QUALITY OF Kerala,CHERTHALA-ALLEPPY- Kerala,Kerala,28,29,29,NA,NA,NA,7.4,7.5,7.5,170,180,175,0.2,1.2,0.7,0.1,3.8,2,0.1,0.1,0.1,0,250,125,80,750,415
1585,GROUND WATER QUALITY OF Kerala,VYTTILA-ERNAKULAM,Kerala,28,29,28,NA,NA,NA,7.8,8,7.9,383,430,407,0.5,0.5,0.5,0.5,3.2,1.9,3.6,3.6,3.6,NA,NA,NA,100,140,120
1586,GROUND WATER QUALITY OF Kerala,EDAYAR ERNAKULAM DISTT.,Kerala,28,28,28,NA,NA,NA,5.6,6.7,6.2,155,183,169,0.5,0.6,0.6,3,3.2,3.1,3.1,3.1,3.1,0,50,25,0,270,135
1587,GROUND WATER QUALITY OF Kerala,KALAMASSERY ERNAKULAM,Kerala,28,28,28,NA,NA,NA,4.9,5.4,5.2,139,162,151,0.3,0.5,0.4,1.6,9,5.3,6,6,6,0,10,5,0,140,70
1588,GROUND WATER QUALITY OF Kerala,PUNKUNNAM TRISSUR DISTT.,Kerala,26,28,27,NA,NA,NA,5.7,6.9,6.3,106,128,117,0.5,2,1.3,1.6,3.2,2.4,3.9,3.9,3.9,0,120,60,40,380,210
1589,GROUND WATER QUALITY OF Kerala,MALAPURAM - Kerala,Kerala,26,28,27,NA,NA,NA,5.7,6,5.9,280,370,325,1,1.6,1.3,1.7,4.8,3.3,3.4,3.4,3.4,0,800,400,40,1233,637
1590,GROUND WATER QUALITY OF Kerala,MAVOOR- KOZHIKKODE DISTT.- Kerala,Kerala,26,29,28,NA,NA,NA,5.8,6.6,6.2,109,153,131,0.2,0.6,0.4,1.2,7.2,4.2,3.2,3.2,3.2,0,60,30,40,190,115
1591,GROUND WATER QUALITY OF Kerala,KANNUR (MUNICIPALITY) KANNUR,Kerala,30,30,30,NA,NA,NA,4.4,4.7,4.6,83,104,94,0.6,1.2,0.9,4.6,12,8.3,3.1,3.1,3.1,0,100,50,80,400,240
1592,GROUND WATER QUALITY OF Kerala,PAYYANNUR- KANNUR DISTT.,Kerala,29,29,29,NA,NA,NA,5.6,5.7,5.7,140,178,159,0.1,1.6,0.9,4,8,6,2.8,2.8,2.8,0,480,240,440,850,645
2308,GROUND WATER QUALITY OF Kerala,FATHIMAPURAM (CHANGANASSERY),Kerala,28,28,28,NA,NA,NA,5.7,5.7,5.7,197,197,197,0.4,0.4,0.4,2.9,2.9,2.9,NA,NA,NA,11,11,11,24,24,24
2309,GROUND WATER QUALITY OF Kerala,KAROOR (PALA),Kerala,27,27,27,NA,NA,NA,5.8,5.8,5.8,82,82,82,0.5,0.5,0.5,4.7,4.7,4.7,NA,NA,NA,110,110,110,170,170,170
2310,GROUND WATER QUALITY OF Kerala,VAIKOM,Kerala,28,28,28,NA,NA,NA,6,6,6,95,95,95,0.9,0.9,0.9,4.2,4.2,4.2,NA,NA,NA,8,8,8,17,17,17
2311,GROUND WATER QUALITY OF Kerala,VADAVATHOOR (KOTTAYAM),Kerala,28,28,28,NA,NA,NA,4.8,4.8,4.8,159,159,159,0.7,0.7,0.7,0.1,0.1,0.1,NA,NA,NA,14,14,14,22,22,22
2313,GROUND WATER QUALITY OF Kerala,SARVODAPURAM- ALAPPUZHA,Kerala,28,28,28,NA,NA,NA,7.3,7.3,7.3,183,183,183,0.5,0.5,0.5,0.1,0.1,0.1,NA,NA,NA,300,300,300,600,600,600
2314,GROUND WATER QUALITY OF Kerala,KUREEPUZHA (KOLLAM),Kerala,27,27,27,NA,NA,NA,7.3,7.3,7.3,306,306,306,0.7,0.7,0.7,7.5,7.5,7.5,NA,NA,NA,200,200,200,300,300,300
2315,GROUND WATER QUALITY OF Kerala,K.M.M.L.(KOLLAM),Kerala,28,28,28,NA,NA,NA,7.6,7.6,7.6,464,464,464,0.6,0.6,0.6,9.6,9.6,9.6,NA,NA,NA,60,60,60,100,100,100
2316,GROUND WATER QUALITY OF Kerala,CHELLORA TRENCHING GROUND(KANNUR),Kerala,28,28,28,NA,NA,NA,4.1,4.1,4.1,52,52,52,0.9,0.9,0.9,2.5,2.5,2.5,NA,NA,NA,0,0,0,50,50,50
2317,GROUND WATER QUALITY OF Kerala,PUNNALPETTIPPALAM (TELLICHERRYMUNICIPALITY),Kerala,28,28,28,NA,NA,NA,6.5,6.5,6.5,373,373,373,1.5,1.5,1.5,2.5,2.5,2.5,NA,NA,NA,140,140,140,1300,1300,1300
2320,GROUND WATER QUALITY OF Kerala,MANJERI,Kerala,26,26,26,NA,NA,NA,5.6,5.6,5.6,164,164,164,0.6,0.6,0.6,1.7,1.7,1.7,NA,NA,NA,333,333,333,866,866,866
2321,GROUND WATER QUALITY OF Kerala,LALOOR (THRISSUR),Kerala,28,28,28,NA,NA,NA,5.8,5.8,5.8,530,530,530,1,1,1,8.5,8.5,8.5,NA,NA,NA,120,120,120,370,370,370
2322,GROUND WATER QUALITY OF Kerala,OLLUR (THRISSUR),Kerala,25,25,25,NA,NA,NA,4.8,4.8,4.8,240,240,240,0.9,0.9,0.9,6.1,6.1,6.1,NA,NA,NA,580,580,580,1240,1240,1240
2323,GROUND WATER QUALITY OF Kerala,BRAHMAPURAM M.S.W.DUMPARK (ERNAKULAM),Kerala,27,27,27,NA,NA,NA,6,6,6,200,200,200,0.2,0.2,0.2,1,1,1,NA,NA,NA,240,240,240,650,650,650
2324,GROUND WATER QUALITY OF Kerala,HAZARDOUS WASTE DUMP(AMBALAMUGHAL),Kerala,28,28,28,NA,NA,NA,7.2,7.2,7.2,270,270,270,1.5,1.5,1.5,0.1,0.1,0.1,NA,NA,NA,0,0,0,0,0,0
2327,GROUND WATER QUALITY OF Kerala,KARUKAMANI,Kerala,27,27,27,NA,NA,NA,7.2,7.2,7.2,952,952,952,0.7,0.7,0.7,1.4,1.4,1.4,NA,NA,NA,12,12,12,300,300,300
32,GROUND WATER QUALITY OF TAMILNADU,WELL AT MUSIRI- Tamil Nadu,Tamil Nadu,30,31,30,NA,NA,NA,6.9,7.3,7.1,1800,1919,1850,0.2,0.6,0.3,0.3,1.5,0.83,0.1,0.1,0.1,78,270,166,140,400,260
1449,GROUND WATER QUALITY OF TAMILNADU,COLLECTOR WELL AT THIRUPUVANAM FOR MADURAI WAT. SUPPLY SCHEME,Tamil Nadu,30,30,30,NA,NA,NA,7.3,7.3,7.3,780,780,780,1.9,1.9,1.9,0.1,0.1,0.1,0.1,0.1,0.1,2,2,2,7,7,7
1397,GROUND WATER QUALITY OF Puducherry,WELL AT MUTHIALPET AREA(I),Puducherry,27,27,27,NA,NA,NA,6.9,6.9,6.9,1958,1958,1958,NA,NA,NA,0.3,0.3,0.3,NA,NA,NA,NA,NA,NA,NA,NA,NA
1398,GROUND WATER QUALITY OF Puducherry,WELL AT THENGAITHITTU AREA-(II),Puducherry,28,32,30,NA,NA,NA,6.8,7.4,7.1,1087,1100,1094,NA,NA,NA,0.1,0.1,0.1,NA,NA,NA,NA,NA,NA,NA,NA,NA
1453,GROUND WATER QUALITY OF Puducherry,WELL AT MUTHARAPLATYAM (PWD),Puducherry,29,30,30,NA,NA,NA,6.5,6.9,6.7,496,602,549,NA,NA,NA,2.7,2.7,2.7,NA,NA,NA,NA,NA,NA,NA,NA,NA
1454,GROUND WATER QUALITY OF Puducherry,WELL AT KALAPET-PONDI.UNIVER.ADMN.BLOCK,Puducherry,28,30,29,NA,NA,NA,6.2,6.7,6.5,159,185,172,NA,NA,NA,0.7,0.7,0.7,NA,NA,NA,NA,NA,NA,NA,NA,NA
1687,GROUND WATER QUALITY OF Puducherry,NEHRU STATUE- Puducherry,Puducherry,30,30,30,NA,NA,NA,7.1,7.1,7.1,2240,2240,2240,NA,NA,NA,NA,NA,NA,NA,NA,NA,NA,NA,NA,NA,NA,NA
1688,GROUND WATER QUALITY OF Puducherry,KATTERIKUPPAM- PODICHERRY,Puducherry,30,34,32,NA,NA,NA,7.1,7.3,7.2,628,712,670,NA,NA,NA,0.3,0.3,0.3,NA,NA,NA,NA,NA,NA,NA,NA,NA
1689,GROUND WATER QUALITY OF Puducherry,CHUNMBAR RIVER- Puducherry,Puducherry,29,32,30,NA,NA,NA,8.1,9,8.6,521,860,700,3,5,4.3,0.1,12.9,6.5,NA,NA,NA,NA,NA,NA,NA,NA,NA
2009,GROUND WATER QUALITY OF Puducherry,KURUMBAPET,Puducherry,28,30,29,NA,NA,NA,6.2,6.9,6.6,382,383,383,NA,NA,NA,2,2,2,NA,NA,NA,NA,NA,NA,NA,NA,NA
2010,GROUND WATER QUALITY OF Puducherry,METTUPALAYAM,Puducherry,30,30,30,NA,NA,NA,6.3,6.6,6.5,460,506,483,NA,NA,NA,3.9,3.9,3.9,NA,NA,NA,NA,NA,NA,NA,NA,NA
2011,GROUND WATER QUALITY OF Puducherry,URUVAIYAR,Puducherry,32,35,33,NA,NA,NA,6.8,7.6,7.2,1380,1385,1383,NA,NA,NA,0.1,0.1,0.1,NA,NA,NA,NA,NA,NA,NA,NA,NA
2012,GROUND WATER QUALITY OF Puducherry,KARUVADIKUPPAM,Puducherry,37,37,37,NA,NA,NA,6.9,6.9,6.9,251,251,251,NA,NA,NA,2.8,2.8,2.8,NA,NA,NA,NA,NA,NA,NA,NA,NA
2013,GROUND WATER QUALITY OF Puducherry,T.R.PATTINAM- KARAIKAL,Puducherry,28,30,29,NA,NA,NA,8.3,8.3,8.3,1636,1838,1737,NA,NA,NA,0.2,0.2,0.2,NA,NA,NA,NA,NA,NA,NA,NA,NA
2014,GROUND WATER QUALITY OF Puducherry,VADAMATTAM- KARAIKAL,Puducherry,26,31,28,NA,NA,NA,7.9,8.1,8,1461,1603,1532,NA,NA,NA,0.1,0.1,0.1,NA,NA,NA,NA,NA,NA,NA,NA,NA
1984,GROUND WATER QUALITY OF Maharashtra,INDL.ESTATE TARAPUR,Maharashtra,30,30,30,NA,NA,NA,8.5,8.5,8.5,457,457,457,3,3,3,0.1,0.1,0.1,NA,NA,NA,25,25,25,225,225,225
1985,GROUND WATER QUALITY OF Maharashtra,MIRA-BHAYANDER,Maharashtra,30,30,30,NA,NA,NA,8.5,8.5,8.5,7234,7234,7234,7,7,7,2.6,2.6,2.6,NA,NA,NA,70,70,70,550,550,550
1986,GROUND WATER QUALITY OF Maharashtra,DAHANU,Maharashtra,27,27,27,NA,NA,NA,7.5,7.5,7.5,1086,1086,1086,3.4,3.4,3.4,0.1,0.1,0.1,NA,NA,NA,13,13,13,170,170,170
1987,GROUND WATER QUALITY OF Maharashtra,VASAI,Maharashtra,28,28,28,NA,NA,NA,8.1,8.1,8.1,1019,1019,1019,6,6,6,0.7,0.7,0.7,NA,NA,NA,25,25,25,350,350,350
1988,GROUND WATER QUALITY OF Maharashtra,PALGHAR,Maharashtra,27,28,28,NA,NA,NA,7.6,7.7,7.7,1700,4966,3333,2,4,3,3.7,8.4,6.05,NA,NA,NA,2,30,16,5,350,178
1990,GROUND WATER QUALITY OF Maharashtra,BMW SITE- BURUDGAON- AHMEDNAGAR,Maharashtra,29,29,29,NA,NA,NA,7.3,7.3,7.3,1874,1874,1874,9,9,9,5.1,5.1,5.1,NA,NA,NA,26,26,26,58,58,58
1991,GROUND WATER QUALITY OF Maharashtra,MSW SITE- PATHARDI- NASIK,Maharashtra,25,25,25,NA,NA,NA,7.1,7.2,7.2,396,396,396,4.1,4.1,4.1,1.8,8,4.9,1.8,1.8,1.8,0.1,14,7.05,14,35,24.5
1992,GROUND WATER QUALITY OF Maharashtra,MSW SITE- PIMPRI-CHINCHWAD- PUNE,Maharashtra,32,33,33,NA,NA,NA,8,8,8,975,1345,1160,5.8,7.6,6.7,0.1,0.1,0.1,NA,NA,NA,25,225,125,225,900,563
1993,GROUND WATER QUALITY OF Maharashtra,PHANDARPUR- GANGAPUR-AURANGABAD,Maharashtra,31,31,31,NA,NA,NA,7.8,7.8,7.8,1667,1667,1667,5.8,5.8,5.8,4.6,4.6,4.6,NA,NA,NA,9,9,9,350,350,350
1995,GROUND WATER QUALITY OF Maharashtra,KHAPERKHEDA- NAGPUR,Maharashtra,21,21,21,NA,NA,NA,7.7,7.7,7.7,1045,1045,1045,11,11,11,5.3,5.3,5.3,NA,NA,NA,11,11,11,27,27,27
1996,GROUND WATER QUALITY OF Maharashtra,KORADI- NAGPUR,Maharashtra,22,22,22,NA,NA,NA,7.7,7.7,7.7,1467,1467,1467,13,13,13,12,12,12,NA,NA,NA,4,4,4,21,21,21
1997,GROUND WATER QUALITY OF Maharashtra,RAIPUR- NAGPUR,Maharashtra,30,30,30,NA,NA,NA,8,8,8,2650,2650,2650,6,6,6,0.8,0.8,0.8,NA,NA,NA,33,33,33,170,170,170
1998,GROUND WATER QUALITY OF Maharashtra,BHAHMNI- KALMESHWAR- NAGPUR,Maharashtra,22,22,22,NA,NA,NA,7.6,7.6,7.6,1300,1300,1300,11,10.7,10.7,5,5,5,NA,NA,NA,11,11,11,27,27,27
1999,GROUND WATER QUALITY OF Maharashtra,SANGERA GONDIA,Maharashtra,24,24,24,NA,NA,NA,6.1,6.1,6.1,8687,8687,8687,1.6,1.6,1.6,5,5,5,NA,NA,NA,2,2,2,6,6,6
2000,GROUND WATER QUALITY OF Maharashtra,BHANDEWARI- NAGPUR,Maharashtra,21,21,21,NA,NA,NA,8,8,8,1526,1526,1526,6,6,6,10.2,10.2,10.2,NA,NA,NA,22,22,22,70,70,70
2001,GROUND WATER QUALITY OF Maharashtra,SUKALI- AMRAVATI,Maharashtra,32,32,32,NA,NA,NA,7.8,7.8,7.8,704,704,704,7,7,7,13.1,13.1,13.1,NA,NA,NA,2,2,2,4,4,4
2002,GROUND WATER QUALITY OF Maharashtra,AKOT- AKOLA,Maharashtra,32,32,32,NA,NA,NA,8.3,8.3,8.3,621,621,621,8,8,8,3.3,3.3,3.3,NA,NA,NA,110,110,110,280,280,280
2003,GROUND WATER QUALITY OF Maharashtra,SAWARGAON- YAVATMAL,Maharashtra,23,23,23,NA,NA,NA,7.8,7.8,7.8,761,761,761,6,6,6,0.7,0.7,0.7,NA,NA,NA,2,2,2,4,4,4
2004,GROUND WATER QUALITY OF Maharashtra,PARVATI INDL.ESTATE- SHIROL,Maharashtra,27,27,27,NA,NA,NA,7.9,7.9,7.9,3429,3429,3429,2,2,2,4.7,4.7,4.7,NA,NA,NA,NA,NA,NA,NA,NA,NA
2006,GROUND WATER QUALITY OF Maharashtra,MIDC- SHINOLI- CHENDGAD,Maharashtra,21,21,21,NA,NA,NA,8,8,8,766,766,766,1.8,1.8,1.8,4.7,4.7,4.7,NA,NA,NA,NA,NA,NA,NA,NA,NA
2007,GROUND WATER QUALITY OF Maharashtra,SAVALI- SANGLI,Maharashtra,24,24,24,NA,NA,NA,6.1,6.1,6.1,8687,8687,8687,1.6,1.6,1.6,5,5,5,NA,NA,NA,2,2,2,6,6,6
2008,GROUND WATER QUALITY OF Maharashtra,RASULWADI-SAMBARWADI- SANGLI,Maharashtra,24,24,24,NA,NA,NA,6.2,6.2,6.2,2631,2631,2631,1.8,1.8,1.8,5.1,5.1,5.1,NA,NA,NA,9,9,9,140,140,140
2200,GROUND WATER QUALITY OF Maharashtra,BORE WELL AT KATPUR- NEAR Z.PSCHOOL.,Maharashtra,29,29,29,NA,NA,NA,7.9,7.9,7.9,1830,1830,1830,27,26.8,26.8,0.7,0.7,0.7,NA,NA,NA,9,9,9,350,350,350
2201,GROUND WATER QUALITY OF Maharashtra,DUG WELL AT RANJANGAON.,Maharashtra,28,28,28,NA,NA,NA,7.4,7.4,7.4,2100,2100,2100,5,5,5,0.7,0.7,0.7,NA,NA,NA,9,9,9,350,350,350
2203,GROUND WATER QUALITY OF Maharashtra,HAND PUMP IN THE PREMISES OFZILLA PARISHAD PRIMARY SCHOOL,Maharashtra,33,33,33,NA,NA,NA,7.7,7.7,7.7,1268,1268,1268,7.8,7.8,7.8,2,2,2,NA,NA,NA,27,27,27,180,180,180
3,GROUND WATER QUALITY OF Gujarat,WELL AT AHMEDABAD,Gujarat,27,29,28,NA,NA,NA,7.3,7.5,7.4,1550,1650,1600,2,3,2.5,2.2,2.2,2.2,3.6,3.6,3.6,2,2,2,5,5,5
1226,GROUND WATER QUALITY OF Gujarat,WELL AT NAROL- AHMEDABAD,Gujarat,29,32,31,NA,NA,NA,7.3,7.4,7.4,1420,1490,1455,0.8,3,1.9,0.3,0.6,0.45,NA,NA,NA,2,2,2,5,5,5
1950,GROUND WATER QUALITY OF Gujarat,JUNAGADH,Gujarat,26,26,26,NA,NA,NA,7.2,7.2,7.2,1486,1486,1486,0.9,0.9,0.9,0.1,0.1,0.1,NA,NA,NA,NA,NA,NA,NA,NA,NA
1951,GROUND WATER QUALITY OF Gujarat,RAJKOT,Gujarat,28,28,28,NA,NA,NA,7.5,7.5,7.5,1578,4810,3194,0.7,0.9,0.8,0.1,0.1,0.1,NA,NA,NA,3,3,3,5,5,5
1952,GROUND WATER QUALITY OF Gujarat,SURENDRANAGAR,Gujarat,28,28,28,NA,NA,NA,7.6,7.8,7.7,1520,2380,1950,0.7,10,5.35,0.1,0.1,0.1,NA,NA,NA,4,4,4,7,7,7
1955,GROUND WATER QUALITY OF Gujarat,PALANPUR,Gujarat,28,28,28,NA,NA,NA,7.2,7.2,7.2,2390,2390,2390,10,10,10,6.2,6.2,6.2,NA,NA,NA,2,2,2,5,5,5
1956,GROUND WATER QUALITY OF Gujarat,MEHASANA,Gujarat,23,28,26,NA,NA,NA,7.5,7.5,7.5,1190,1450,1320,2.2,6,4.1,7.9,8.4,8.15,NA,NA,NA,2,2,2,5,5,5
1957,GROUND WATER QUALITY OF Gujarat,SIDDHPUR (DIST.PATAN),Gujarat,27,28,28,NA,NA,NA,7.3,7.7,7.5,1530,3250,2390,1.8,2,1.9,5,5.6,5.3,NA,NA,NA,2,2,2,5,5,5
1958,GROUND WATER QUALITY OF Gujarat,HIMATNAGAR,Gujarat,29,29,29,NA,NA,NA,7.2,7.3,7.3,1470,1560,1515,2,2.1,2.05,7.7,9.2,8.45,NA,NA,NA,2,2,2,5,5,5
1959,GROUND WATER QUALITY OF Gujarat,NADIAD,Gujarat,24,24,24,NA,NA,NA,7.6,7.6,7.6,2200,2200,2200,7.1,7.1,7.1,NA,NA,NA,NA,NA,NA,NA,NA,NA,NA,NA,NA
1960,GROUND WATER QUALITY OF Gujarat,DAHOD,Gujarat,27,27,27,NA,NA,NA,7.9,7.9,7.9,1893,1893,1893,0.4,0.4,0.4,NA,NA,NA,NA,NA,NA,NA,NA,NA,3,3,3
1961,GROUND WATER QUALITY OF Gujarat,GODHARA,Gujarat,26,27,27,NA,NA,NA,7.7,7.7,7.7,1107,1107,1107,0.7,0.8,0.75,NA,NA,NA,NA,NA,NA,NA,NA,NA,4,4,4
1962,GROUND WATER QUALITY OF Gujarat,VADODARA (INDUSTRIAL-NANDESARI),Gujarat,24,24,24,NA,NA,NA,7.4,7.4,7.4,1900,1900,1900,14,14,14,NA,NA,NA,NA,NA,NA,NA,NA,NA,NA,NA,NA
1963,GROUND WATER QUALITY OF Gujarat,ANKLESHWAR (INDUSTRIAL AREA),Gujarat,30,30,30,NA,NA,NA,7.2,7.2,7.2,507,507,507,0.8,0.8,0.8,2,2,2,NA,NA,NA,0,0,0,70,70,70
1964,GROUND WATER QUALITY OF Gujarat,PANDESARA (INDSTRIAL) SURAT,Gujarat,29,29,29,NA,NA,NA,7.8,7.8,7.8,11490,11490,11490,0.3,0.3,0.3,0.5,0.5,0.5,NA,NA,NA,28,28,28,210,210,210
1965,GROUND WATER QUALITY OF Gujarat,MORA-HAJIRA (INDUSTRIAL)- HAJIRA,Gujarat,29,29,29,NA,NA,NA,8.5,8.5,8.5,1480,1480,1480,0.8,0.8,0.8,0.4,0.4,0.4,NA,NA,NA,4,4,4,15,15,15
1966,GROUND WATER QUALITY OF Gujarat,GABHENI VILL- SURAT (INDUSTRIAL),Gujarat,29,29,29,NA,NA,NA,8.6,8.6,8.6,960,960,960,0.5,0.5,0.5,1.7,1.7,1.7,NA,NA,NA,4300,4300,4300,9300,9300,9300
2083,GROUND WATER QUALITY OF Gujarat,BORE WELL OF CHHATRAL GIDC.,Gujarat,29,29,29,NA,NA,NA,7.5,7.5,7.5,1790,1790,1790,1.7,1.7,1.7,2.8,2.8,2.8,NA,NA,NA,2,2,2,5,5,5
2084,GROUND WATER QUALITY OF Gujarat,BORE WELL OF PALSANA VILLAGE.,Gujarat,28,29,29,NA,NA,NA,7.6,8.2,7.9,1340,1950,1645,0.4,11,5.7,0.4,1.7,1.05,NA,NA,NA,2,9,5.5,5,21,13
2085,GROUND WATER QUALITY OF Gujarat,ORE WELL OF SANTEJ VILLAGE.,Gujarat,29,29,29,NA,NA,NA,7.6,7.6,7.6,3130,3130,3130,2.3,2.3,2.3,2.2,2.2,2.2,NA,NA,NA,2,2,2,5,5,5
2087,GROUND WATER QUALITY OF Gujarat,B/W- HAZARDOUS W.DISPOSAL SITE (GUJ.ENVIRO P.& I.LTD.),Gujarat,29,29,29,NA,NA,NA,8.3,8.3,8.3,1140,1140,1140,1.2,1.2,1.2,0.6,0.6,0.6,NA,NA,NA,23,23,23,150,150,150
2088,GROUND WATER QUALITY OF Gujarat,BORE WELL OF SACHIN GIDC.,Gujarat,29,29,29,NA,NA,NA,7.8,7.8,7.8,11300,11300,11300,1,1,1,0.8,0.8,0.8,NA,NA,NA,9,9,9,23,23,23
2090,GROUND WATER QUALITY OF Gujarat,WELL AT OLPAD.,Gujarat,30,30,30,NA,NA,NA,7.9,7.9,7.9,7740,7740,7740,2.3,2.3,2.3,0.5,0.5,0.5,NA,NA,NA,9,9,9,23,23,23
2091,GROUND WATER QUALITY OF Gujarat,BORE WELL OF NAVSARI GIDCINDUSTRIES ASSOCIATION OFFICE.,Gujarat,28,28,28,NA,NA,NA,8.4,8.4,8.4,2040,2040,2040,1.2,1.2,1.2,0.5,0.5,0.5,NA,NA,NA,3,3,3,20,20,20
2092,GROUND WATER QUALITY OF Gujarat,FROM WATER WORKS OF NAVSARINEAR DHUDIA TALAV.,Gujarat,29,29,29,NA,NA,NA,8.5,8.5,8.5,508,508,508,0.8,0.8,0.8,0.2,0.2,0.2,NA,NA,NA,2,2,2,3,3,3
2093,GROUND WATER QUALITY OF Gujarat,BORE WELL - BARDOLI REST HOUSE.,Gujarat,28,28,28,NA,NA,NA,8.1,8.1,8.1,2110,2110,2110,1.6,1.6,1.6,0.3,0.3,0.3,NA,NA,NA,3,3,3,20,20,20
2094,GROUND WATER QUALITY OF Gujarat,WELL AT ANKLESHWAR INDUSTRIAL AREA (BORE WELL OF M/S INDUSTRIAL CARBON AT ANKLESHWAR- RAJPIPLA ROAD.,Gujarat,30,30,30,NA,NA,NA,8.1,8.1,8.1,331,331,331,0.7,0.7,0.7,3.4,3.4,3.4,NA,NA,NA,0,0,0,40,40,40
2095,GROUND WATER QUALITY OF Gujarat,BORE WELL AT STP MADHAPAR- DIST. RAJKOT,Gujarat,25,30,28,NA,NA,NA,7.2,7.7,7.45,1600,2640,2120,2,2,2,0.1,0.1,0.1,NA,NA,NA,4,4,4,7,7,7
2096,GROUND WATER QUALITY OF Gujarat,B/W- SNR. VINAYAK JAL SUDDHIKARAN SAHAKARI MANDALI LTD.(CETP )- BAVLA- AHMEDABAD,Gujarat,29,29,29,NA,NA,NA,7.3,7.3,7.3,3660,3660,3660,2.3,2.3,2.3,2.5,2.5,2.5,NA,NA,NA,2,2,2,5,5,5
2097,GROUND WATER QUALITY OF Gujarat,B/W OF SOMESHWAR RICE MILL- NR. BAVLA ECO PROJECT- (CETP )- BAVLA- AHMEDABAD,Gujarat,30,30,30,NA,NA,NA,7.7,7.7,7.7,2130,2130,2130,5.1,5.1,5.1,2.8,2.8,2.8,NA,NA,NA,2,2,2,5,5,5
2098,GROUND WATER QUALITY OF Gujarat,BORE WELL OF PIRANA TERMINAL PUMPING STN- PIRANA- NR. V. N. BDG- AHMEDABAD,Gujarat,30,30,30,NA,NA,NA,7.1,7.1,7.1,3500,3500,3500,13,13,13,1.3,1.3,1.3,NA,NA,NA,2,2,2,5,5,5
1415,GROUND WATER QUALITY OF Rajasthan,WELL OF LOOMJI- CHAUDHARY- NEARNAYAGAON- PALI- (UPSTREAM 1 KM.FROM PALI TOWN),Rajasthan,20,25,23,NA,NA,NA,7.1,8.7,7.9,5500,31000,18250,5.7,21.2,13.4,0.2,0.9,0.5,NA,NA,NA,7,14,11,150,210,180
1416,GROUND WATER QUALITY OF Rajasthan,WELL (UPSTREAM 1 KM FROM JODHPUR TOWN),Rajasthan,21,26,24,NA,NA,NA,7.9,8.04,8,8600,31000,19800,1.6,11.5,6.6,0.1,11.8,6,NA,NA,NA,3,3,3,20,28,24
1417,GROUND WATER QUALITY OF Rajasthan,WELL (U/S 1 KM FROM JODHPUR TOWN),Rajasthan,25,27,26,NA,NA,NA,7,7.36,7.2,3200,12100,7650,4.1,6.5,5.3,0.1,0.5,0.3,NA,NA,NA,4,7,6,150,1100,625
1706,GROUND WATER QUALITY OF Rajasthan,RIICO PUMP HOUSE NEAR MONTOMOTORS- MIA- ALWAR,Rajasthan,28,32,30,NA,NA,NA,7.3,8.41,7.8,820,1800,1310,0.4,0.8,0.6,0.5,0.6,0.5,NA,NA,NA,3,3,3,4,9,7
1707,GROUND WATER QUALITY OF Rajasthan,BORE WELL IN MODI ALKALIS & CHEMICALS- MIA- ALWAR,Rajasthan,29,32,30,NA,NA,NA,7.6,8.07,7.8,890,1000,945,1.3,1.5,1.4,0.2,3.4,1.8,NA,NA,NA,3,3,3,4,7,6
1708,GROUND WATER QUALITY OF Rajasthan,WELL KOTHI IN VILLAGE BAGARRAJPUT- ALWAR,Rajasthan,24,25,25,NA,NA,NA,7.5,8.38,7.9,2500,5400,3950,1.1,1.2,1.1,0.4,3.4,1.9,NA,NA,NA,3,3,3,4,7,6
1709,GROUND WATER QUALITY OF Rajasthan,WELL AT VILLAGE SANTHLA VERY NEAR BHIWADI INDUSTRIAL AREA- BHIWADI,Rajasthan,28,28,28,NA,NA,NA,8.1,8.36,8.2,680,3200,1940,0.2,1.6,0.9,0.4,3.4,1.9,NA,NA,NA,3,3,3,7,9,8
1710,GROUND WATER QUALITY OF Rajasthan,WELL AT VILLAGE ALUPUR- VERYNEAR BHIWADI INDUSTRIAL AREA- BHIWADI,Rajasthan,28,29,29,NA,NA,NA,8,8.42,8.2,680,1000,840,0.3,0.8,0.6,0.6,3.2,1.9,NA,NA,NA,3,3,3,7,7,7
1711,GROUND WATER QUALITY OF Rajasthan,WELL AT VILLAGE HARCHANDPUR- VERY NEAR- BHIWADI TO BHIWADI INDUSTRIAL AREA- BHIWADI,Rajasthan,28,28,28,NA,NA,NA,8,8.68,8.4,690,1400,1045,0.1,0.8,0.5,0.4,3.4,1.9,NA,NA,NA,3,3,3,4,4,4
1712,GROUND WATER QUALITY OF Rajasthan,WELL AT VILLAGE BHIWADI - VERYNEAR- BHIWADI TO BHIWADI INDUSTRIAL AREA- BHIWADI,Rajasthan,28,29,29,NA,NA,NA,8.1,8.45,8.3,680,1100,890,0.4,2.8,1.6,0.1,3.2,1.6,NA,NA,NA,3,4,4,4,14,9
1713,GROUND WATER QUALITY OF Rajasthan,WELL AT VILLAGE GATTAL- NEAR-BHIWADI TO BHIWADI INDUSTRIAL AREA- BHIWADI,Rajasthan,28,28,28,NA,NA,NA,8.2,8.81,8.5,560,1260,910,0.3,3.2,1.7,0.4,2.6,1.5,NA,NA,NA,3,4,4,4,14,9
1715,GROUND WATER QUALITY OF Rajasthan,HAND PUMP NEAR SECONDARY SCHOOL ABOUT 300mt.FROM KANSUA NALLAH KOTA,Rajasthan,28,30,29,NA,NA,NA,8.1,8.64,8.4,880,2900,1890,0.1,1.6,0.9,21.7,21.7,21.7,NA,NA,NA,3,3,3,4,4,4
1720,GROUND WATER QUALITY OF Rajasthan,CHAUDHARY KA WELL VILLAGEPANIALA- KOTAPUTALI NEAR ASSOCIATED ALCOHOL BREVERIES LTD JAIPUR,Rajasthan,24,29,27,NA,NA,NA,7.3,8.46,7.9,1260,1800,1530,0.5,1.4,0.9,0.4,0.4,0.4,NA,NA,NA,3,4,4,7,20,14
1721,GROUND WATER QUALITY OF Rajasthan,PHED WELL NEAR RAILWAY LINE JHOTAWARA- JAIPUR,Rajasthan,29,29,29,NA,NA,NA,7.7,8.67,8.2,690,1900,1295,0.4,0.5,0.5,0.2,0.4,0.3,NA,NA,NA,3,3,3,4,2400,1202
1722,GROUND WATER QUALITY OF Rajasthan,PHED WELL NEAR NEI- KHATIPURA,Rajasthan,26,26,26,NA,NA,NA,7.3,8.44,7.9,770,1000,885,0.2,0.3,0.2,0.3,0.3,0.3,NA,NA,NA,3,7,5,4,20,12
1723,GROUND WATER QUALITY OF Rajasthan,HAND PUMP OF VIDHANI VILLAGEGONER ROAD JAIPUR,Rajasthan,27,28,28,NA,NA,NA,7.5,8.85,8.2,3100,3300,3200,0.2,0.4,0.3,0.2,0.6,0.4,NA,NA,NA,3,4,4,4,75,40
1724,GROUND WATER QUALITY OF Rajasthan,WELL OF GOOJARON KI TALAI-MOHANA ROAD SANGANER JAIPUR,Rajasthan,28,29,29,NA,NA,NA,8,8.75,8.4,1160,2100,1630,0.5,0.7,0.6,0.4,0.5,0.4,NA,NA,NA,3,4,4,4,2400,1202
1725,GROUND WATER QUALITY OF Rajasthan,PUBLIC HAND PUMP BEFORESANGANER PULIA,Rajasthan,26,28,27,NA,NA,NA,7.5,8.4,8,1380,2200,1790,0.4,0.7,0.6,0.3,0.5,0.4,NA,NA,NA,3,3,3,4,150,77
2015,GROUND WATER QUALITY OF Rajasthan,PABUPURA ROAD NEAR CIVIL AIRPORT- JODHPUR (MANGILAL RATHOR),Rajasthan,26,27,27,NA,NA,NA,7.2,7.43,7.3,3800,4200,4000,1.3,3.1,2.2,0.5,0.7,0.6,NA,NA,NA,4,20,12,210,240,225
2016,GROUND WATER QUALITY OF Rajasthan,VILLAGE VINAYAKIA- JODHPUR(HIRALAL KUMHAR),Rajasthan,26,27,26,NA,NA,NA,7,7.54,7.3,2900,3900,3400,0.5,1,0.8,0.2,0.3,0.3,NA,NA,NA,7,7,7,28,2400,1214
2017,GROUND WATER QUALITY OF Rajasthan,VILLAGE VINAYAKIA- JODHPUR (BADRIKUMHAR),Rajasthan,25,28,26,NA,NA,NA,7.4,7.36,7.4,2900,3800,3350,0.4,0.6,0.5,0.2,0.5,0.3,NA,NA,NA,11,14,13,150,2400,1275
2018,GROUND WATER QUALITY OF Rajasthan,VILLAGE VINAYAKIA- JODHPUR(HUKUM SINGH RATHORE),Rajasthan,26,27,27,NA,NA,NA,7.6,7.71,7.7,6500,9000,7750,1.6,2.9,2.2,0.5,8.3,4.4,NA,NA,NA,7,7,7,150,460,305
2019,GROUND WATER QUALITY OF Rajasthan,NEAR UIT BRIDGE- UDAIPUR,Rajasthan,25,28,27,NA,NA,NA,7.2,8.6,7.9,1140,1400,1270,1.2,1.9,1.5,0.4,1,0.7,NA,NA,NA,4,4,4,14,20,17
2020,GROUND WATER QUALITY OF Rajasthan,NEW FATEHPURA- 200 FT.FROMPANCHWATI NALLAH- UDAIPUR,Rajasthan,26,29,28,NA,NA,NA,7.1,8.56,7.8,1510,1520,1515,0.2,1.3,0.8,0.5,10.3,5.4,NA,NA,NA,3,3,3,4,7,6
2021,GROUND WATER QUALITY OF Rajasthan,NEAR ARVIND GENERAL STORE- ALOO FACTORY- KACCHI BASTI- SARDARPURA- UDAIPUR,Rajasthan,25,28,27,NA,NA,NA,7.3,8.7,8,990,1900,1445,0.6,1.2,0.9,0.4,5.1,2.7,NA,NA,NA,3,3,3,4,7,6
2022,GROUND WATER QUALITY OF Rajasthan,NEAR RANA PRATAP NAGAR- RAILWAYSTATION- UDAIPUR,Rajasthan,26,29,28,NA,NA,NA,7.1,8.3,7.7,1790,3000,2395,0.2,0.5,0.3,0.5,10,5.2,NA,NA,NA,3,3,3,4,4,4
2023,GROUND WATER QUALITY OF Rajasthan,HOTEL ORIENT PLACE- SUBHAS NAGAR- UDAIPUR,Rajasthan,24,29,27,NA,NA,NA,7.4,7.69,7.5,1900,3100,2500,1.5,1.7,1.6,0.2,6,3.1,NA,NA,NA,4,4,4,7,14,11
2024,GROUND WATER QUALITY OF Rajasthan,IN SIDE SHIV TEMPLE NEAR AIRFORCE STATION AMER ROAD- JAIPUR,Rajasthan,27,28,28,NA,NA,NA,7,8.29,7.7,2600,3600,3100,0.2,0.4,0.3,0.1,0.4,0.3,NA,NA,NA,4,4,4,14,14,14
2025,GROUND WATER QUALITY OF Rajasthan,NEAR SHREE KALYANESHWAR MAHADEV TEMPLE- JAI SINGH PURA KHURD- JAIPUR,Rajasthan,25,26,26,NA,NA,NA,6.9,8.51,7.7,2000,3200,2600,0.2,0.5,0.4,0.2,0.3,0.3,NA,NA,NA,3,3,3,4,28,16
2026,GROUND WATER QUALITY OF Rajasthan,NEAR FOJI NAGAR- KACCHI BASTI-AMBABARI- JAIPUR,Rajasthan,26,28,27,NA,NA,NA,7.7,8.56,8.1,640,760,700,0.1,0.4,0.3,0.1,0.3,0.2,NA,NA,NA,3,3,3,4,20,12
2027,GROUND WATER QUALITY OF Rajasthan,NEAR ABN CENTRAL ACADEMY- SUSILPURA- SODALA- JAIPUR,Rajasthan,27,27,27,NA,NA,NA,7.9,8.82,8.3,590,700,645,0.1,2,1,0.3,0.4,0.3,NA,NA,NA,4,4,4,14,14,14
2028,GROUND WATER QUALITY OF Rajasthan,NEAR SAMSHAN VISHWAKARMANAGAR- MAHARANIFARM- JAIPUR,Rajasthan,27,30,29,NA,NA,NA,7.8,8.58,8.2,630,850,740,0.5,1.6,1,0.3,0.5,0.4,NA,NA,NA,3,4,4,4,14,9
2029,GROUND WATER QUALITY OF Rajasthan,NEAR GANDHI BHWAN- AJMER,Rajasthan,24,26,25,NA,NA,NA,7.7,7.85,7.8,920,1320,1120,0.1,0.8,0.5,1.1,14,7.6,NA,NA,NA,3,7,5,9,1100,555
2030,GROUND WATER QUALITY OF Rajasthan,OPPOSITE PRIVATE BUS STAND- AJMER,Rajasthan,26,27,27,NA,NA,NA,7.3,7.5,7.4,1800,2700,2250,0.1,0.2,0.1,0.5,1,0.8,NA,NA,NA,3,4,4,4,28,16
2031,GROUND WATER QUALITY OF Rajasthan,NEAR 9 NO.PETROL PUMP- NEARADARSH NAGAR GATE- AJMER,Rajasthan,26,26,26,NA,NA,NA,7.8,7.86,7.8,910,1110,1010,0.2,0.2,0.2,1.8,14,7.9,NA,NA,NA,3,4,4,20,75,48
2032,GROUND WATER QUALITY OF Rajasthan,NEAR KHANPURA TALAB- AJMER,Rajasthan,26,27,27,NA,NA,NA,7.1,7.94,7.5,5100,5200,5150,0.2,0.6,0.4,0.5,0.6,0.5,NA,NA,NA,3,4,4,9,20,15
2033,GROUND WATER QUALITY OF Rajasthan,OUTSIDE JLN HOSPITAL- AJMER,Rajasthan,25,26,26,NA,NA,NA,7.2,7.37,7.3,2100,2200,2150,0.2,0.4,0.3,0.4,0.7,0.6,NA,NA,NA,4,7,6,9,1100,555
1736,GROUND WATER QUALITY OF Uttar Pradesh,GW QUALITY STATION SARDARNAGAR,Uttar Pradesh,24,24,24,NA,NA,NA,6.8,6.8,6.8,1216,1216,1216,1.8,1.8,1.8,3.2,3.2,3.2,1,1,1,40,40,40,120,120,120
1737,GROUND WATER QUALITY OF Uttar Pradesh,GW QUALITY STATION CAPTANGANJ,Uttar Pradesh,26,26,26,NA,NA,NA,6.8,6.8,6.8,916,916,916,4.4,4.4,4.4,NA,NA,NA,1.2,1.2,1.2,20,20,20,60,60,60
1742,GROUND WATER QUALITY OF Uttar Pradesh,CHINHAT INDUSTRIAL AREA IN LUCKNOW NEAR M/S INDIA PESTICIDES LUCKNOW,Uttar Pradesh,22,22,22,NA,NA,NA,7.1,7.2,7.2,561,712,637,NA,NA,NA,7.6,7.6,7.6,0.1,0.1,0.1,NA,NA,NA,NA,NA,NA
1743,GROUND WATER QUALITY OF Uttar Pradesh,AISHBAGH INDUSTRIAL AREA AT LUCKNOW NEAR M/S EVEREADY INDUSTRIES LTD.,Uttar Pradesh,22,28,25,NA,NA,NA,6.9,7.2,7.1,1012,1024,1018,NA,NA,NA,11.4,11.4,11.4,0.1,0.1,0.1,NA,NA,NA,NA,NA,NA
1746,GROUND WATER QUALITY OF Uttar Pradesh,NAGAR PALIKA TUBE WELL-SULTANPUR- U.P,Uttar Pradesh,30,30,30,NA,NA,NA,7.5,7.5,7.5,1150,1150,1150,NA,NA,NA,NA,NA,NA,NA,NA,NA,0,0,0,0,0,0
1747,GROUND WATER QUALITY OF Uttar Pradesh,INDIA MARKA HAND PUMP IN SAROWNIBLOCK AT RAIBAREILLY,Uttar Pradesh,30,30,30,NA,NA,NA,7.5,7.5,7.5,740,740,740,NA,NA,NA,NA,NA,NA,0.1,0.1,0.1,0,0,0,0,0,0
1749,GROUND WATER QUALITY OF Uttar Pradesh,TUBE WELL AT MEERUT CITY,Uttar Pradesh,22,30,26,NA,NA,NA,7.8,7.8,7.8,750,756,753,0.4,0.4,0.4,NA,NA,NA,NA,NA,NA,0,0,0,11,16,13.5
1750,GROUND WATER QUALITY OF Uttar Pradesh,TUBE WELL AT BAGPAT CITY,Uttar Pradesh,22,29,26,NA,NA,NA,7.7,7.8,7.8,870,876,873,0.6,0.8,0.7,NA,NA,NA,NA,NA,NA,0,0,0,14,18,16
1751,GROUND WATER QUALITY OF Uttar Pradesh,TUBE WELL IN INDUSTRIAL AREA ATGAJRAULA-MORADABAD- U.P,Uttar Pradesh,29,29,29,NA,NA,NA,7.5,7.5,7.5,238,238,238,0.8,0.8,0.8,NA,NA,NA,NA,NA,NA,0,0,0,20,20,20
1757,GROUND WATER QUALITY OF Uttar Pradesh,MIRZAPUR INDUSTRIAL AREA- U.P,Uttar Pradesh,25,25,25,NA,NA,NA,6.7,6.7,6.7,1745,1745,1745,NA,NA,NA,NA,NA,NA,NA,NA,NA,NA,NA,NA,NA,NA,NA
1759,GROUND WATER QUALITY OF Uttar Pradesh,IFFCO- PHOOLPUR-ALLAHABAD- U.P,Uttar Pradesh,26,27,27,NA,NA,NA,6.9,6.9,6.9,1254,6550,3902,NA,NA,NA,NA,NA,NA,NA,NA,NA,NA,NA,NA,NA,NA,NA
1760,GROUND WATER QUALITY OF Uttar Pradesh,M/S KANORIA CHEMICAL SONBHADRA-U.P,Uttar Pradesh,26,26,26,NA,NA,NA,6.3,6.3,6.3,1153,1153,1153,NA,NA,NA,NA,NA,NA,NA,NA,NA,NA,NA,NA,NA,NA,NA
1761,GROUND WATER QUALITY OF Uttar Pradesh,TUBE WELL-SINGRAULI INDL AREA- U.P,Uttar Pradesh,25,25,25,NA,NA,NA,6.8,6.8,6.8,788,788,788,NA,NA,NA,NA,NA,NA,NA,NA,NA,NA,NA,NA,NA,NA,NA
1644,GROUND WATER QUALITY OF Odisha,JAGATPUR INDUSTRIAL AREA-CUTTACK Odisha,Odisha,24,24,24,NA,NA,NA,8.4,8.4,8.4,550,550,550,0.9,0.9,0.9,6.1,6.1,6.1,0.03,0.03,0.03,2,2,2,2,2,2
1645,GROUND WATER QUALITY OF Odisha,MADHUPATNA- KALYAN NAGAR AREA-CUTTACK- Odisha,Odisha,24,24,24,NA,NA,NA,8.2,8.2,8.2,326,326,326,0.8,0.8,0.8,4.6,4.6,4.6,0.02,0.02,0.02,2,2,2,2,2,2
1646,GROUND WATER QUALITY OF Odisha,BIDANASHI - TULASIPUR AREA-CUTTACK- Odisha,Odisha,25,25,25,NA,NA,NA,8,8,8,91,91,91,0.1,0.1,0.1,1.4,1.4,1.4,0.05,0.05,0.05,2,2,2,2,2,2
1647,GROUND WATER QUALITY OF Odisha,BADAMBARI AREA- CUTTACK- Odisha,Odisha,24,24,24,NA,NA,NA,7.7,7.7,7.7,301,301,301,0.9,0.9,0.9,0.2,0.2,0.2,0,0,0,2,2,2,2,2,2
1648,GROUND WATER QUALITY OF Odisha,RANIHAT- MANGALABAGH AREA-CUTTACK- Odisha,Odisha,24,24,24,NA,NA,NA,8.4,8.4,8.4,197,197,197,0.5,0.5,0.5,0.2,0.2,0.2,0,0,0,2,2,2,2,2,2
1649,GROUND WATER QUALITY OF Odisha,KHANDAGIRI AREA- BHUBANESWAR-Odisha,Odisha,25,25,25,NA,NA,NA,6.7,6.7,6.7,234,234,234,1.6,1.6,1.6,10.1,10.1,10.1,0.14,0.14,0.14,2,2,2,2,2,2
1650,GROUND WATER QUALITY OF Odisha,CAPITAL HOSPITAL AREA-BHUBANESWAR- Odisha,Odisha,24,24,24,NA,NA,NA,7.6,7.6,7.6,546,546,546,1.3,1.3,1.3,9.3,9.3,9.3,0.04,0.04,0.04,2,2,2,2,2,2
1651,GROUND WATER QUALITY OF Odisha,OLD TOWN- SAMANTARAAIPUR AREA-BHUBANESWAR-Odisha,Odisha,25,25,25,NA,NA,NA,6.5,6.5,6.5,210,210,210,0.6,0.6,0.6,9.6,9.6,9.6,0.04,0.04,0.04,2,2,2,2,2,2
1652,GROUND WATER QUALITY OF Odisha,KALPNA - LAXMINAGAR AREA-BHUBANESWAR- Odisha,Odisha,25,25,25,NA,NA,NA,6.7,6.7,6.7,296,296,296,0.5,0.5,0.5,9.8,9.8,9.8,0.08,0.08,0.08,2,2,2,2,2,2
1653,GROUND WATER QUALITY OF Odisha,MANCHESWAR INDUSTRIAL AREA- BHUBANESWAR,Odisha,25,25,25,NA,NA,NA,6.7,6.7,6.7,1147,1147,1147,0.7,0.7,0.7,35.1,35.1,35.1,0.43,0.43,0.43,2,2,2,2,2,2
1654,GROUND WATER QUALITY OF Odisha,SECRETARIAT- GOVERNOR HOUSE-OLDBUS STAND AREA- BHUBANESWAR- Odisha,Odisha,24,24,24,NA,NA,NA,8,8,8,160,160,160,0.7,0.7,0.7,7.1,7.1,7.1,0.06,0.06,0.06,2,2,2,2,2,2
1655,GROUND WATER QUALITY OF Odisha,NEAR SEA BEACH- PURI- Odisha,Odisha,24,24,24,NA,NA,NA,7.6,7.6,7.6,383,383,383,0.7,0.7,0.7,35.2,35.2,35.2,0.21,0.21,0.21,2,2,2,2,2,2
1656,GROUND WATER QUALITY OF Odisha,NEAR JAGANNATH TEMPLE- PURI-Odisha,Odisha,25,25,25,NA,NA,NA,7.9,7.9,7.9,1020,1020,1020,0.2,0.2,0.2,14.8,14.8,14.8,0.12,0.12,0.12,2,2,2,2,2,2
1657,GROUND WATER QUALITY OF Odisha,HOSPITAL - BUSSTAND- MAUSHIMATEMPLE AREA- PURI- Odisha,Odisha,25,25,25,NA,NA,NA,7.6,7.6,7.6,896,896,896,0.4,0.4,0.4,12.6,12.6,12.6,0.12,0.12,0.12,2,2,2,2,2,2
1658,GROUND WATER QUALITY OF Odisha,NEAR RIVER KUSHABHADRA- PURI,Odisha,24,24,24,NA,NA,NA,7.8,7.8,7.8,NA,NA,NA,NA,NA,NA,1.8,1.8,1.8,0,0,0,2,2,2,2,2,2
1825,GROUND WATER QUALITY OF Bihar,PATNA,Bihar,23,26,25,NA,NA,NA,7.2,7.7,7.5,582,665,624,NA,NA,NA,NA,NA,NA,NA,NA,NA,8,8,8,13,17,15
1826,GROUND WATER QUALITY OF Bihar,PATNA,Bihar,24,24,24,NA,NA,NA,7.6,7.6,7.6,352,352,352,NA,NA,NA,NA,NA,NA,NA,NA,NA,8,8,8,14,14,14
1827,GROUND WATER QUALITY OF Bihar,PATNA,Bihar,21,28,25,NA,NA,NA,7.2,7.7,7.5,525,716,621,NA,NA,NA,NA,NA,NA,NA,NA,NA,1,2,2,2,4,3
1828,GROUND WATER QUALITY OF Bihar,PATNA,Bihar,23,24,24,NA,NA,NA,7.4,7.8,7.6,521,784,653,NA,NA,NA,NA,NA,NA,NA,NA,NA,1,2,2,2,4,3
1829,GROUND WATER QUALITY OF Bihar,PATNA,Bihar,20,26,23,NA,NA,NA,7.4,7.7,7.6,581,945,763,NA,NA,NA,0.5,0.5,0.5,NA,NA,NA,2,4,3,4,7,6
1830,GROUND WATER QUALITY OF Bihar,MUZAFFARPUR,Bihar,24,27,26,NA,NA,NA,7.9,8,8,846,954,900,NA,NA,NA,0.9,0.9,0.9,NA,NA,NA,2,7,5,4,11,8
1831,GROUND WATER QUALITY OF Bihar,MUZAFFARPUR,Bihar,24,27,26,NA,NA,NA,8,8.1,8.1,850,915,883,NA,NA,NA,1,1,1,NA,NA,NA,1,4,3,2,7,5
1832,GROUND WATER QUALITY OF Bihar,BEGUSARAI,Bihar,22,24,23,NA,NA,NA,8.2,8.2,8.2,568,568,568,NA,NA,NA,0.1,0.1,0.1,NA,NA,NA,4,7,6,11,17,14
1833,GROUND WATER QUALITY OF Bihar,BEGUSARAI,Bihar,22,23,23,NA,NA,NA,8.4,8.4,8.4,452,468,460,NA,NA,NA,0.9,0.9,0.9,NA,NA,NA,8,8,8,14,14,14
1834,GROUND WATER QUALITY OF Bihar,PURNEA,Bihar,21,29,25,NA,NA,NA,7.8,7.8,7.8,362,371,367,NA,NA,NA,1.2,1.2,1.2,NA,NA,NA,8,8,8,14,22,18
1835,GROUND WATER QUALITY OF Bihar,PURNEA,Bihar,22,28,25,NA,NA,NA,7.8,7.9,7.9,362,376,369,NA,NA,NA,1.8,1.8,1.8,NA,NA,NA,13,13,13,17,23,20
1836,GROUND WATER QUALITY OF Bihar,BEGUSARAI,Bihar,22,24,23,NA,NA,NA,7.5,7.8,7.7,472,489,481,NA,NA,NA,2,2,2,NA,NA,NA,4,8,6,13,13,13
1837,GROUND WATER QUALITY OF Bihar,BEGUSARAI,Bihar,23,25,24,NA,NA,NA,7.9,8.1,8,424,432,428,NA,NA,NA,0.8,0.8,0.8,NA,NA,NA,11,11,11,21,21,21
1838,GROUND WATER QUALITY OF Bihar,MUNGER,Bihar,21,26,24,NA,NA,NA,7.6,7.6,7.6,458,466,462,NA,NA,NA,1.8,1.8,1.8,NA,NA,NA,8,8,8,13,14,14
1839,GROUND WATER QUALITY OF Bihar,MUNGER,Bihar,22,25,24,NA,NA,NA,8,8.4,8.4,438,442,440,NA,NA,NA,1.6,1.6,1.6,NA,NA,NA,2,4,3,4,7,6
1840,GROUND WATER QUALITY OF Bihar,MOTIHARI,Bihar,25,25,25,NA,NA,NA,8,8,8,486,486,486,NA,NA,NA,NA,NA,NA,NA,NA,NA,2,2,2,4,4,4
1841,GROUND WATER QUALITY OF Bihar,GAYA,Bihar,23,26,25,NA,NA,NA,8,8,8,756,868,812,NA,NA,NA,1.9,1.9,1.9,NA,NA,NA,11,11,11,22,26,24
1842,GROUND WATER QUALITY OF Bihar,GAYA-,Bihar,24,27,26,NA,NA,NA,8.1,8.1,8.1,504,536,520,NA,NA,NA,1.8,1.8,1.8,NA,NA,NA,1,2,2,2,7,5
1843,GROUND WATER QUALITY OF Bihar,RAJGIR,Bihar,25,28,27,NA,NA,NA,8.1,8.2,8.2,548,552,550,NA,NA,NA,2.1,2.1,2.1,NA,NA,NA,8,9,9,17,21,19
1844,GROUND WATER QUALITY OF Bihar,CHAPRA,Bihar,26,26,26,NA,NA,NA,7.2,8.2,7.7,378,416,397,NA,NA,NA,1.8,1.8,1.8,NA,NA,NA,1,2,2,2,4,3
1766,GROUND WATER QUALITY OF West Bengal,MINE PIT WATER ASSANSOL- WESTBENGAL,West Bengal,32,32,32,NA,NA,NA,8.1,8.4,8.3,747,775,761,1.1,3,2.1,0.4,0.4,0.4,NA,NA,NA,4,900,452,8,1600,804
1767,GROUND WATER QUALITY OF West Bengal,DURGAPUR TOWN-NEAR IISCO-BURDWAN- West Bengal,West Bengal,33,33,33,NA,NA,NA,7.4,7.7,7.6,984,988,986,0.2,1,0.6,0.3,0.5,0.4,NA,NA,NA,9,14,12,33,34,34
1768,GROUND WATER QUALITY OF West Bengal,DURGAPUR TOWN- BURDWAN- WESTBENGAL,West Bengal,28,33,31,NA,NA,NA,6.8,7.7,7.3,512,976,744,0,0.2,0.1,0.7,11.1,5.9,NA,NA,NA,0,8,4,0,13,7
1769,GROUND WATER QUALITY OF West Bengal,INSIDE HINDUSTAN LIVER FACTORY-HALDIA- West Bengal,West Bengal,30,34,32,NA,NA,NA,7.3,7.4,7.4,2160,2180,2170,0,1.3,0.7,0.1,0.1,0.1,NA,NA,NA,0,0,0,0,0,0
1770,GROUND WATER QUALITY OF West Bengal,NEAR IOC REFINERY HALDIA- WESTBENGAL,West Bengal,33,34,33,NA,NA,NA,7.3,7.6,7.5,1646,1838,1742,0.2,0.9,0.6,0.1,0.1,0.1,NA,NA,NA,0,0,0,0,0,0
1771,GROUND WATER QUALITY OF West Bengal,KALYANI INDUSTRIAL AREA- NADIA-West Bengal,West Bengal,28,29,28,NA,NA,NA,7.7,7.9,7.8,584,650,617,0.7,0.8,0.8,0.1,0.1,0.1,NA,NA,NA,0,0,0,0,0,0
1772,GROUND WATER QUALITY OF West Bengal,BARSAT MUNICIPALITY NORTH 24-P-West Bengal,West Bengal,28,29,28,NA,NA,NA,7.4,7.6,7.5,753,1069,911,0.4,0.8,0.6,0.1,0.1,0.1,NA,NA,NA,0,0,0,0,0,0
1773,GROUND WATER QUALITY OF West Bengal,TANGRA- CALCUTTA -West Bengal,West Bengal,28,32,30,NA,NA,NA,7.5,7.9,7.7,1933,2130,2032,1,1.1,1.1,0.1,0.1,0.1,NA,NA,NA,0,2,1,0,4,2
1774,GROUND WATER QUALITY OF West Bengal,TOPSIA CALCUTTA- West Bengal,West Bengal,27,28,28,NA,NA,NA,7.7,8.1,7.9,1690,1801,1746,0.4,1,0.7,0.1,0.1,0.1,NA,NA,NA,0,8,4,0,13,7
1775,GROUND WATER QUALITY OF West Bengal,DHAPA CALCUTTA- West Bengal,West Bengal,28,30,29,NA,NA,NA,7.3,8.2,7.8,1725,1760,1743,0.9,1.6,1.3,0.1,0.1,0.1,NA,NA,NA,2,2,2,4,4,4
1776,GROUND WATER QUALITY OF West Bengal,GARIA CALCUTTA- West Bengal,West Bengal,27,29,28,NA,NA,NA,7.4,8.5,8,977,1020,999,0.4,1.2,0.8,0.1,0.1,0.1,NA,NA,NA,0,4,2,0,8,4
1777,GROUND WATER QUALITY OF West Bengal,BEHALA CALCUTTA- West Bengal,West Bengal,29,30,30,NA,NA,NA,7.8,8.4,8.1,988,1002,995,1,1.2,1.1,0.1,0.1,0.1,NA,NA,NA,2,2,2,4,8,6
1778,GROUND WATER QUALITY OF West Bengal,DOMJUR HOWRAH- West Bengal,West Bengal,27,29,28,NA,NA,NA,7.3,7.8,7.6,997,1120,1059,0.8,1,0.9,0.1,0.1,0.1,NA,NA,NA,0,0,0,0,0,0
1779,GROUND WATER QUALITY OF West Bengal,DANKUNI (NEAR COAL COMPLEX)- West Bengal,West Bengal,28,29,29,NA,NA,NA,7.1,7.7,7.4,990,993,992,0.4,0.9,0.7,0.1,0.1,0.1,NA,NA,NA,0,0,0,0,0,0
1931,GROUND WATER QUALITY OF West Bengal,COSSIPORE - NORTH KOLKATA,West Bengal,28,30,29,NA,NA,NA,7.9,8.1,8,2380,2420,2400,0.8,2.2,1.5,0.1,0.1,0.1,NA,NA,NA,14,220,117,17,280,149
1932,GROUND WATER QUALITY OF West Bengal,CENTRAL KOLKATA,West Bengal,28,28,28,NA,NA,NA,7.9,8,8,898,1944,1421,0.7,2.3,1.5,0.1,0.1,0.1,NA,NA,NA,0,4,2,2,13,8
1933,GROUND WATER QUALITY OF West Bengal,NEAR GALVANISATION UNIT- HOWRAH,West Bengal,27,28,28,NA,NA,NA,7.7,7.9,7.8,1194,1303,1249,0.2,2.3,1.3,0.1,0.1,0.1,NA,NA,NA,0,0,0,0,0,0
1934,GROUND WATER QUALITY OF West Bengal,CENTRAL HOWRAH-RESIDENTAILAREA,West Bengal,27,28,28,NA,NA,NA,7.8,7.9,7.9,2370,2470,2420,0.8,1.9,1.4,0.1,0.1,0.1,NA,NA,NA,0,2,1,0,4,2
1935,GROUND WATER QUALITY OF West Bengal,INSIDE KOLKATA LEATHER COMPLEX,West Bengal,29,30,29,NA,NA,NA,7.8,8.1,8,1373,1534,1454,0.4,1.1,0.8,0.1,0.1,0.1,NA,NA,NA,0,0,0,0,0,0
1936,GROUND WATER QUALITY OF West Bengal,RESIDENTIAL AREA - SONARPUR,West Bengal,23,27,25,NA,NA,NA,7.7,8.3,8,1325,1921,1623,0.4,2,1.2,0.1,0.1,0.1,NA,NA,NA,0,0,0,0,0,0
1937,GROUND WATER QUALITY OF West Bengal,RAJARHAT - NEW TOWNSHIP,West Bengal,27,29,28,NA,NA,NA,7.7,7.7,7.7,2070,2250,2160,0.8,1.7,1.3,0.1,0.1,0.1,NA,NA,NA,0,2,1,0,4,2
1938,GROUND WATER QUALITY OF West Bengal,BSIRHAT MUNICIPALITY,West Bengal,28,32,30,NA,NA,NA,8.5,8.5,8.5,2070,2100,2085,0.4,0.6,0.5,0.1,0.1,0.1,NA,NA,NA,0,0,0,0,0,0
1939,GROUND WATER QUALITY OF West Bengal,BARRAKPORE MUNICIPALITY,West Bengal,28,28,28,NA,NA,NA,7.8,8,7.9,386,456,421,0.1,0.2,0.2,0.1,0.1,0.1,NA,NA,NA,0,0,0,0,0,0
1940,GROUND WATER QUALITY OF West Bengal,NEAR THE PHOSPHATE COMPANY-RISHRA,West Bengal,29,30,30,NA,NA,NA,7.2,7.9,7.6,757,771,764,0.6,0.9,0.8,0.1,0.1,0.1,NA,NA,NA,0,0,0,0,0,0
1941,GROUND WATER QUALITY OF West Bengal,NEAR FLY ASH DUMPING SITE-KUNTIGHAT- BANDEL,West Bengal,28,28,28,NA,NA,NA,7.4,7.7,7.6,461,469,465,0.6,0.9,0.8,0.1,0.1,0.1,NA,NA,NA,0,0,0,0,0,0
1942,GROUND WATER QUALITY OF West Bengal,NEAR EXIDE INDUSTRIES-HALDIA,West Bengal,31,33,32,NA,NA,NA,7.3,7.4,7.4,1648,1675,1662,0.2,1.1,0.7,0.1,0.1,0.1,NA,NA,NA,0,0,0,0,0,0
1943,GROUND WATER QUALITY OF West Bengal,INSIDE TATA METALIKS- KHARAGPUR,West Bengal,30,31,31,NA,NA,NA,7.8,7.8,7.8,635,637,636,1.4,1.4,1.4,0.1,0.1,0.1,NA,NA,NA,0,0,0,0,0,0
1944,GROUND WATER QUALITY OF West Bengal,KHARAGPUR INDUSTRIAL AREA,West Bengal,29,30,30,NA,NA,NA,7.3,7.6,7.5,133,141,137,0.5,1.3,0.9,0.1,0.1,0.1,NA,NA,NA,0,0,0,0,0,0
1945,GROUND WATER QUALITY OF West Bengal,ENGLISH BAZAR- MALDAH,West Bengal,29,29,29,NA,NA,NA,7.9,8,8,490,606,548,0.2,1.5,0.9,0.1,0.1,0.1,NA,NA,NA,0,0,0,0,0,0
